Workbook

Sheet RF_R10_p10
A1: FeO \ Fe | B1: 37.3072 | C1: 37.973 | D1: 38.6387 | E1: 39.3045 | F1: 39.9702 | G1: 40.636 | H1: 41.3018 | I1: 41.9675 | J1: 42.6333 | K1: 43.299 | L1: 43.9648 | M1: 44.6306 | N1: 45.2963 | O1: 45.9621 | P1: 46.6278 | Q1: 47.2936 | R1: 47.9594 | S1: 48.6251 | T1: 49.2909 | U1: 49.9566 | V1: 50.6224 | W1: 51.2882 | X1: 51.9539 | Y1: 52.6197 | Z1: 53.2854 | AA1: 53.9512 | AB1: 54.617 | AC1: 55.2827 | AD1: 55.9485 | AE1: 56.6142 | AF1: 57.28
A2: 8.93 | B2: 67.375 | C2: 67.3875 | D2: 67.3875 | E2: 67.3875 | F2: 67.411765 | G2: 67.528645 | H2: 67.583333 | I2: 67.635227 | J2: 67.646639 | K2: 67.635227 | L2: 67.694837 | M2: 68 | N2: 68.2 | O2: 68.299412 | P2: 68.318182 | Q2: 68.317133 | R2: 68.3 | S2: 68.318182 | T2: 68.331818 | U2: 68.370833 | V2: 68.2 | W2: 68.198182 | X2: 68.198182 | Y2: 68.198182 | Z2: 68.142857 | AA2: 68.165385 | AB2: 68.165385 | AC2: 68.165385 | AD2: 68.152747 | AE2: 68.152747 | AF2: 68.152747
A3: 9.4617 | B3: 67.3875 | C3: 67.416176 | D3: 67.416176 | E3: 67.416176 | F3: 67.416176 | G3: 67.438857 | H3: 67.545076 | I3: 67.6225 | J3: 67.666667 | K3: 67.665 | L3: 67.721429 | M3: 68.03913 | N3: 68.272727 | O3: 68.384615 | P3: 68.442857 | Q3: 68.427381 | R3: 68.383654 | S3: 68.427381 | T3: 68.427381 | U3: 68.384615 | V3: 68.229915 | W3: 68.209474 | X3: 68.209474 | Y3: 68.2 | Z3: 68.2 | AA3: 68.221053 | AB3: 68.268623 | AC3: 68.928022 | AD3: 69 | AE3: 69 | AF3: 69
A4: 9.9933 | B4: 67.416176 | C4: 67.459385 | D4: 67.459385 | E4: 67.438857 | F4: 67.459385 | G4: 67.459385 | H4: 67.569841 | I4: 67.571429 | J4: 67.635227 | K4: 67.666667 | L4: 67.738551 | M4: 68.086594 | N4: 68.299412 | O4: 68.415 | P4: 68.453535 | Q4: 68.413462 | R4: 68.331818 | S4: 68.413462 | T4: 68.413462 | U4: 68.413462 | V4: 68.261842 | W4: 68.229915 | X4: 68.427381 | Y4: 68.932857 | Z4: 69.099091 | AA4: 69.145 | AB4: 69.145 | AC4: 69.1 | AD4: 69.099091 | AE4: 69.099091 | AF4: 69.099091
A5: 10.525 | B5: 67.23867 | C5: 67.302484 | D5: 67.307692 | E5: 67.459385 | F5: 67.476589 | G5: 67.476589 | H5: 67.476589 | I5: 67.554545 | J5: 67.583333 | K5: 67.598824 | L5: 67.738551 | M5: 68.086594 | N5: 68.284921 | O5: 68.384615 | P5: 68.427381 | Q5: 68.413462 | R5: 68.370833 | S5: 68.427381 | T5: 68.590642 | U5: 69.352262 | V5: 69.222222 | W5: 69.17549 | X5: 69.153462 | Y5: 69.145 | Z5: 69.153462 | AA5: 69.166667 | AB5: 69.166667 | AC5: 69.165385 | AD5: 69.153462 | AE5: 69.145 | AF5: 69.145
A6: 11.0567 | B6: 67.3875 | C6: 67.315461 | D6: 67.307692 | E6: 67.145833 | F6: 67.213547 | G6: 67.312019 | H6: 67.333333 | I6: 67.3725 | J6: 67.427381 | K6: 67.497826 | L6: 67.583333 | M6: 67.949737 | N6: 68.138571 | O6: 68.293277 | P6: 68.369318 | Q6: 69.497368 | R6: 69.5 | S6: 69.665217 | T6: 69.665217 | U6: 69.587374 | V6: 69.221053 | W6: 69.181283 | X6: 69.166667 | Y6: 69.165385 | Z6: 69.165385 | AA6: 69.17549 | AB6: 69.17549 | AC6: 69.166667 | AD6: 69.165385 | AE6: 69.291071 | AF6: 69.317133
A7: 11.5883 | B7: 68.165 | C7: 67.699565 | D7: 67.64011 | E7: 67.331579 | F7: 67.331579 | G7: 67.276667 | H7: 67.116409 | I7: 67.1875 | J7: 67.307692 | K7: 67.388462 | L7: 67.598824 | M7: 68.065263 | N7: 69.139683 | O7: 69.857143 | P7: 70.051716 | Q7: 70 | R7: 69.705882 | S7: 69.888889 | T7: 69.865714 | U7: 69.798571 | V7: 69.317133 | W7: 69.24881 | X7: 69.229915 | Y7: 69.222222 | Z7: 69.222222 | AA7: 69.498 | AB7: 69.5 | AC7: 69.5 | AD7: 69.521429 | AE7: 69.585664 | AF7: 69.637662
A8: 12.12 | B8: 68.25 | C8: 68.313636 | D8: 68.313636 | E8: 68.166667 | F8: 67.747222 | G8: 67.519565 | H8: 67.411765 | I8: 67.411765 | J8: 67.331579 | K8: 67.582143 | L8: 68 | M8: 69.307358 | N8: 70.6875 | O8: 72 | P8: 72 | Q8: 70.960417 | R8: 70.24375 | S8: 70.454545 | T8: 70.412414 | U8: 70.186932 | V8: 69.798571 | W8: 69.842491 | X8: 69.915909 | Y8: 69.955667 | Z8: 70.03913 | AA8: 70.090909 | AB8: 70.11 | AC8: 70.111111 | AD8: 70.11 | AE8: 70.11 | AF8: 70.131765
A9: 12.6517 | B9: 68.313636 | C9: 68.357143 | D9: 68.357143 | E9: 68.357143 | F9: 68.357143 | G9: 68.362987 | H9: 68.221429 | I9: 68.2 | J9: 67.947076 | K9: 67.866667 | L9: 68.086594 | M9: 68.454545 | N9: 69.090909 | O9: 70.428571 | P9: 71.333333 | Q9: 71.43375 | R9: 71.147619 | S9: 71.248529 | T9: 71.181283 | U9: 70.537949 | V9: 70.1875 | W9: 70.186932 | X9: 70.186932 | Y9: 70.15749 | Z9: 70.179426 | AA9: 70.179426 | AB9: 70.248529 | AC9: 70.277273 | AD9: 70.415 | AE9: 70.4 | AF9: 70.415
A10: 13.1833 | B10: 68.25 | C10: 68.313636 | D10: 68.313636 | E10: 68.47563 | F10: 68.747222 | G10: 68.923077 | H10: 68.923077 | I10: 68.923077 | J10: 68.922769 | K10: 68.388462 | L10: 68.44375 | M10: 68.635885 | N10: 69.081667 | O10: 69.775 | P10: 69.8725 | Q10: 70.082692 | R10: 70.111111 | S10: 71.052941 | T10: 71.306923 | U10: 71.31498 | V10: 70.947076 | W10: 70.788304 | X10: 70.428571 | Y10: 70.179426 | Z10: 70.327778 | AA10: 70.333333 | AB10: 70.333333 | AC10: 70.35098 | AD10: 70.333333 | AE10: 70.333333 | AF10: 70.387468
A11: 13.715 | B11: 69.0625 | C11: 69.938235 | D11: 70.099091 | E11: 70.133838 | F11: 70.142208 | G11: 70.142208 | H11: 70.142208 | I11: 70.133838 | J11: 70.133838 | K11: 70.221429 | L11: 70.523684 | M11: 70.410588 | N11: 70.915 | O11: 71.261842 | P11: 71.435855 | Q11: 72 | R11: 71.460839 | S11: 71.398462 | T11: 71.613846 | U11: 71.635885 | V11: 71.665217 | W11: 71.874457 | X11: 71.828571 | Y11: 71.704525 | Z11: 71.634266 | AA11: 71.35098 | AB11: 71.2 | AC11: 71.2 | AD11: 71.2 | AE11: 71.2 | AF11: 71.2
A12: 14.2467 | B12: 73.328571 | C12: 73.609091 | D12: 73.715657 | E12: 73.874118 | F12: 73.874118 | G12: 74.030357 | H12: 74.030357 | I12: 73.795 | J12: 73.75 | K12: 74.030357 | L12: 76.333333 | M12: 76.849615 | N12: 77.21391 | O12: 77.5 | P12: 75.598333 | Q12: 75.265 | R12: 73.553333 | S12: 73.73134 | T12: 73.806349 | U12: 73 | V12: 72.261842 | W12: 72.333333 | X12: 72.285714 | Y12: 72.428571 | Z12: 72.534615 | AA12: 72.588961 | AB12: 72.643891 | AC12: 72.597143 | AD12: 72.33 | AE12: 72.165789 | AF12: 72.165789
A13: 14.7783 | B13: 77.413889 | C13: 77.47247 | D13: 77.497368 | E13: 77.534615 | F13: 77.534615 | G13: 77.534615 | H13: 77.560096 | I13: 77.534615 | J13: 78.699231 | K13: 78.918269 | L13: 79 | M13: 79.398889 | N13: 79.388095 | O13: 79.537247 | P13: 79.545455 | Q13: 79.388095 | R13: 76.940909 | S13: 76.35098 | T13: 76.246429 | U13: 75.265 | V13: 75 | W13: 75 | X13: 73.587745 | Y13: 73.042857 | Z13: 73.20614 | AA13: 73.226768 | AB13: 73.348333 | AC13: 73.526471 | AD13: 73.587745 | AE13: 73.61087 | AF13: 73.611111
... A32: 24.88 | B32: 86.61 | C32: 86.644853 | D32: 86.624038 | E32: 86.650962 | F32: 86.650962 | G32: 86.650962 | H32: 86.665385 | I32: 86.665385 | J32: 86.6875 | K32: 86.666667 | L32: 86.666667 | M32: 86.691827 | N32: 86.6625 | O32: 86.598333 | P32: 86.40905 | Q32: 86.5 | R32: 86.25 | S32: 86.560417 | T32: 86.582895 | U32: 86.712857 | V32: 86.763235 | W32: 86.748684 | X32: 86.777778 | Y32: 86.784921 | Z32: 86.822995 | AA32: 86.898235 | AB32: 87.212088 | AC32: 87.326667 | AD32: 87.357143 | AE32: 88 | AF32: 88.054762

Sheet RF_R10_mean
A1: FeO \ Fe | B1: 37.3072 | C1: 37.973 | D1: 38.6387 | E1: 39.3045 | F1: 39.9702 | G1: 40.636 | H1: 41.3018 | I1: 41.9675 | J1: 42.6333 | K1: 43.299 | L1: 43.9648 | M1: 44.6306 | N1: 45.2963 | O1: 45.9621 | P1: 46.6278 | Q1: 47.2936 | R1: 47.9594 | S1: 48.6251 | T1: 49.2909 | U1: 49.9566 | V1: 50.6224 | W1: 51.2882 | X1: 51.9539 | Y1: 52.6197 | Z1: 53.2854 | AA1: 53.9512 | AB1: 54.617 | AC1: 55.2827 | AD1: 55.9485 | AE1: 56.6142 | AF1: 57.28
A2: 8.93 | B2: 70.270979 | C2: 70.3 | D2: 70.3 | E2: 70.3 | F2: 70.343137 | G2: 70.5 | H2: 70.736842 | I2: 70.870833 | J2: 71 | K2: 71 | L2: 71.289916 | M2: 72.36039 | N2: 73.017241 | O2: 73.629121 | P2: 73.654762 | Q2: 73.460606 | R2: 72.780193 | S2: 73.017241 | T2: 73.112121 | U2: 73 | V2: 72.551839 | W2: 72.5 | X2: 72.4375 | Y2: 72.422619 | Z2: 72.405882 | AA2: 72.411765 | AB2: 72.414216 | AC2: 72.411765 | AD2: 72.395652 | AE2: 72.383152 | AF2: 72.405882
A3: 9.4617 | B3: 70.38796 | C3: 70.36039 | D3: 70.36039 | E3: 70.369318 | F3: 70.36039 | G3: 70.440972 | H3: 70.6 | I3: 70.848077 | J3: 71.105556 | K3: 71.189904 | L3: 71.458042 | M3: 72.464103 | N3: 73.197917 | O3: 73.75 | P3: 73.757353 | Q3: 73.550505 | R3: 72.928571 | S3: 73.217803 | T3: 73.272727 | U3: 73.145105 | V3: 72.675439 | W3: 72.644958 | X3: 72.528571 | Y3: 72.5 | Z3: 72.5 | AA3: 72.528571 | AB3: 72.923077 | AC3: 74.114379 | AD3: 74.188988 | AE3: 74.238596 | AF3: 74.286364
A4: 9.9933 | B4: 70.666667 | C4: 70.714286 | D4: 70.732143 | E4: 70.511905 | F4: 70.454545 | G4: 70.454545 | H4: 70.65 | I4: 70.725564 | J4: 70.934267 | K4: 71.341667 | L4: 71.666667 | M4: 72.705882 | N4: 73.372294 | O4: 73.972222 | P4: 73.940972 | Q4: 73.666667 | R4: 73.041051 | S4: 73.30625 | T4: 73.333333 | U4: 73.275253 | V4: 72.818015 | W4: 72.832817 | X4: 73.325758 | Y4: 74.195238 | Z4: 74.3875 | AA4: 74.416667 | AB4: 74.422619 | AC4: 74.416667 | AD4: 74.363971 | AE4: 74.363971 | AF4: 74.324561
A5: 10.525 | B5: 70.142857 | C5: 70.3 | D5: 70.352941 | E5: 70.710084 | F5: 70.766304 | G5: 70.789474 | H5: 70.525063 | I5: 70.637218 | J5: 70.813853 | K5: 70.94281 | L5: 71.666667 | M5: 72.954453 | N5: 73.36039 | O5: 73.935417 | P5: 73.933333 | Q5: 73.629121 | R5: 73.017241 | S5: 73.353571 | T5: 73.881176 | U5: 74.768889 | V5: 74.526611 | W5: 74.5 | X5: 74.416667 | Y5: 74.408333 | Z5: 74.416667 | AA5: 74.416667 | AB5: 74.422619 | AC5: 74.333333 | AD5: 74.286364 | AE5: 74.238596 | AF5: 74.125
A6: 11.0567 | B6: 70.939338 | C6: 70.780193 | D6: 70.488095 | E6: 70.083333 | F6: 70.214286 | G6: 70.456439 | H6: 70.6 | I6: 70.613248 | J6: 70.833333 | K6: 70.766304 | L6: 71 | M6: 72.803846 | N6: 73.470175 | O6: 74 | P6: 74.091667 | Q6: 75.417423 | R6: 74.755 | S6: 75.0625 | T6: 75.095455 | U6: 75 | V6: 74.585784 | W6: 74.541958 | X6: 74.488095 | Y6: 74.351471 | Z6: 74.324561 | AA6: 74.341667 | AB6: 74.269697 | AC6: 74.139423 | AD6: 74.111111 | AE6: 74.472136 | AF6: 74.466063
A7: 11.5883 | B7: 78.55614 | C7: 72.603147 | D7: 72.215278 | E7: 70.857143 | F7: 70.75 | G7: 70.352941 | H7: 70.083333 | I7: 70.205263 | J7: 70.5 | K7: 70.912879 | L7: 71.6 | M7: 73.675439 | N7: 75.404545 | O7: 75.882353 | P7: 75.743421 | Q7: 75.550505 | R7: 74.857143 | S7: 75.0625 | T7: 75.059028 | U7: 74.892308 | V7: 74.541958 | W7: 74.5 | X7: 74.333333 | Y7: 74.238636 | Z7: 74.213636 | AA7: 74.531373 | AB7: 74.529412 | AC7: 74.563859 | AD7: 74.607692 | AE7: 74.820513 | AF7: 74.839744
A8: 12.12 | B8: 78.801948 | C8: 78.830144 | D8: 78.830144 | E8: 76.894444 | F8: 73.046653 | G8: 71.563492 | H8: 71.25 | I8: 71.15587 | J8: 70.629085 | K8: 71.6875 | L8: 72.916667 | M8: 74.095455 | N8: 75.108187 | O8: 76 | P8: 76.262014 | Q8: 75.755952 | R8: 74.937739 | S8: 75.0625 | T8: 75.085145 | U8: 74.912879 | V8: 74.565217 | W8: 74.588235 | X8: 74.707108 | Y8: 74.68375 | Z8: 74.788889 | AA8: 75.059028 | AB8: 75.085145 | AC8: 75.111111 | AD8: 75.111111 | AE8: 75.131429 | AF8: 75.295833
A9: 12.6517 | B9: 78.9375 | C9: 79 | D9: 78.854386 | E9: 78.870833 | F9: 78.870833 | G9: 78.696154 | H9: 74.794737 | I9: 74.263768 | J9: 73.060662 | K9: 72.925824 | L9: 73.233032 | M9: 73.278889 | N9: 73.794737 | O9: 74.724747 | P9: 75 | Q9: 74.95119 | R9: 74.724747 | S9: 74.95119 | T9: 75.037857 | U9: 74.633971 | V9: 74.473684 | W9: 74.5 | X9: 74.588235 | Y9: 74.594118 | Z9: 74.673333 | AA9: 74.699095 | AB9: 74.781746 | AC9: 74.848077 | AD9: 75.157895 | AE9: 75.158947 | AF9: 75.157895
A10: 13.1833 | B10: 79.08194 | C10: 79.08194 | D10: 79.08194 | E10: 79.38796 | F10: 79.575188 | G10: 79.658333 | H10: 79.575188 | I10: 79.555336 | J10: 79.379808 | K10: 74.529412 | L10: 74.333333 | M10: 73.6 | N10: 73.940972 | O10: 74.231283 | P10: 74.235294 | Q10: 74.222222 | R10: 73.85641 | S10: 74.384615 | T10: 74.724747 | U10: 75 | V10: 75 | W10: 75 | X10: 74.692308 | Y10: 74.673333 | Z10: 74.925824 | AA10: 75.02 | AB10: 75.041739 | AC10: 75.083333 | AD10: 75.083333 | AE10: 75.085145 | AF10: 75.111111
A11: 13.715 | B11: 81.872283 | C11: 82.021739 | D11: 82.071795 | E11: 82.066667 | F11: 82.021739 | G11: 82.021739 | H11: 82 | I11: 81.933333 | J11: 81.922619 | K11: 81.912879 | L11: 81.885621 | M11: 78.809091 | N11: 78.292857 | O11: 77.366029 | P11: 77.083333 | Q11: 77.121324 | R11: 76.356471 | S11: 76 | T11: 76.233032 | U11: 76.310096 | V11: 76.369318 | W11: 76.761364 | X11: 76.904762 | Y11: 77.080128 | Z11: 77.171569 | AA11: 77.122222 | AB11: 77.076923 | AC11: 77.089286 | AD11: 77.14359 | AE11: 77.153846 | AF11: 77.156923
A12: 14.2467 | B12: 85.9375 | C12: 86 | D12: 86.076923 | E12: 86.076923 | F12: 86.076923 | G12: 86 | H12: 85.8 | I12: 85.594118 | J12: 85.5 | K12: 85.091667 | L12: 85.333333 | M12: 85.5 | N12: 85.563937 | O12: 85.511905 | P12: 80.833333 | Q12: 80.52381 | R12: 79.416667 | S12: 79.563859 | T12: 80.420168 | U12: 80.477273 | V12: 80.208696 | W12: 80.384615 | X12: 80.333333 | Y12: 80.374126 | Z12: 80.477273 | AA12: 80.769231 | AB12: 80.795139 | AC12: 80.895238 | AD12: 80.933333 | AE12: 80.938889 | AF12: 80.978261
A13: 14.7783 | B13: 88.647059 | C13: 88.649616 | D13: 88.541958 | E13: 88.69398 | F13: 88.904762 | G13: 89.083333 | H13: 89.125 | I13: 89 | J13: 88.639319 | K13: 87.8 | L13: 87.594118 | M13: 87.761663 | N13: 87.674242 | O13: 88 | P13: 88.21131 | Q13: 87.8 | R13: 84.449495 | S13: 83.8125 | T13: 84 | U13: 84.138095 | V13: 85.158333 | W13: 85.473684 | X13: 85.415072 | Y13: 85.104356 | Z13: 85.101724 | AA13: 85.320513 | AB13: 85.446558 | AC13: 85.486842 | AD13: 85.514706 | AE13: 85.541958 | AF13: 85.553977
... A32: 24.88 | B32: 91.461538 | C32: 91.424812 | D32: 91.4 | E32: 91.30602 | F32: 91.302174 | G32: 91.302174 | H32: 91.302174 | I32: 91.3 | J32: 91.310096 | K32: 91.307692 | L32: 91.292892 | M32: 91.307692 | N32: 91.255435 | O32: 91.190909 | P32: 90.930952 | Q32: 90.923077 | R32: 90.861905 | S32: 91.275253 | T32: 91.26087 | U32: 91.452273 | V32: 91.647516 | W32: 91.743421 | X32: 91.870833 | Y32: 91.919872 | Z32: 92.026316 | AA32: 93.464103 | AB32: 94.266798 | AC32: 94.494681 | AD32: 95.167832 | AE32: 103.59943 | AF32: 103.92582

Sheet RF_R10_p90
A1: FeO \ Fe | B1: 37.3072 | C1: 37.973 | D1: 38.6387 | E1: 39.3045 | F1: 39.9702 | G1: 40.636 | H1: 41.3018 | I1: 41.9675 | J1: 42.6333 | K1: 43.299 | L1: 43.9648 | M1: 44.6306 | N1: 45.2963 | O1: 45.9621 | P1: 46.6278 | Q1: 47.2936 | R1: 47.9594 | S1: 48.6251 | T1: 49.2909 | U1: 49.9566 | V1: 50.6224 | W1: 51.2882 | X1: 51.9539 | Y1: 52.6197 | Z1: 53.2854 | AA1: 53.9512 | AB1: 54.617 | AC1: 55.2827 | AD1: 55.9485 | AE1: 56.6142 | AF1: 57.28
A2: 8.93 | B2: 76.143386 | C2: 76.357143 | D2: 76.375595 | E2: 76.429714 | F2: 76.429714 | G2: 76.644156 | H2: 76.934118 | I2: 77.095238 | J2: 77.601111 | K2: 77.639394 | L2: 77.705 | M2: 77.958333 | N2: 78.083333 | O2: 78.335 | P2: 78.45615 | Q2: 78.401176 | R2: 78.22381 | S2: 78.263509 | T2: 78.473529 | U2: 78.643277 | V2: 78.834615 | W2: 78.847253 | X2: 78.818717 | Y2: 78.818717 | Z2: 78.818717 | AA2: 78.847253 | AB2: 78.847253 | AC2: 78.847253 | AD2: 78.858095 | AE2: 78.858095 | AF2: 78.866667
A3: 9.4617 | B3: 76.5 | C3: 76.504545 | D3: 76.557895 | E3: 76.637013 | F3: 76.60087 | G3: 76.768235 | H3: 76.883007 | I3: 77 | J3: 77.45671 | K3: 77.700588 | L3: 77.857143 | M3: 78 | N3: 78.143956 | O3: 78.4 | P3: 78.5 | Q3: 78.454545 | R3: 78.28 | S3: 78.308173 | T3: 78.539161 | U3: 78.682057 | V3: 78.858095 | W3: 78.866667 | X3: 78.834615 | Y3: 78.834615 | Z3: 78.834615 | AA3: 78.866667 | AB3: 78.917308 | AC3: 79.101111 | AD3: 79.183636 | AE3: 79.183636 | AF3: 79.2
A4: 9.9933 | B4: 76.375595 | C4: 76.859664 | D4: 77.153846 | E4: 77.046823 | F4: 76.884118 | G4: 76.84251 | H4: 77 | I4: 77 | J4: 77.004348 | K4: 77.6 | L4: 77.8675 | M4: 78.006667 | N4: 78.168182 | O4: 78.429464 | P4: 78.548052 | Q4: 78.473529 | R4: 78.308173 | S4: 78.333333 | T4: 78.548052 | U4: 78.687981 | V4: 78.866667 | W4: 78.866667 | X4: 78.924103 | Y4: 79.083333 | Z4: 79.101111 | AA4: 79.201429 | AB4: 79.201429 | AC4: 79.2 | AD4: 79.2 | AE4: 79.2 | AF4: 79.2
A5: 10.525 | B5: 75.632057 | C5: 76.172222 | D5: 76.145238 | E5: 76.64902 | F5: 77 | G5: 77.275455 | H5: 77.095714 | I5: 77 | J5: 77 | K5: 77.150789 | L5: 77.875735 | M5: 78.168182 | N5: 78.2 | O5: 78.445 | P5: 78.571429 | Q5: 78.5 | R5: 78.333333 | S5: 78.350714 | T5: 78.64902 | U5: 78.900476 | V5: 79.118182 | W5: 79.2 | X5: 79.118182 | Y5: 79.118182 | Z5: 79.118182 | AA5: 79.201429 | AB5: 79.215934 | AC5: 79.2 | AD5: 79.2 | AE5: 79.2 | AF5: 79.2
A6: 11.0567 | B6: 79.375 | C6: 78.503333 | D6: 77.790526 | E6: 75.905195 | F6: 76.30042 | G6: 76.546465 | H6: 76.735 | I6: 76.946667 | J6: 77.214596 | K6: 77.319697 | L6: 77.459091 | M6: 78.2 | N6: 78.3 | O6: 78.45615 | P6: 78.601111 | Q6: 78.75 | R6: 78.6 | S6: 78.611111 | T6: 78.818717 | U6: 78.933333 | V6: 79.210902 | W6: 79.215934 | X6: 79.210902 | Y6: 79.201053 | Z6: 79.201053 | AA6: 79.231222 | AB6: 79.231222 | AC6: 79.201053 | AD6: 79.201053 | AE6: 79.400909 | AF6: 79.400909
A7: 11.5883 | B7: 93.215079 | C7: 84.719328 | D7: 83.818182 | E7: 78.762637 | F7: 78.412255 | G7: 76.813187 | H7: 75.883007 | I7: 76.125543 | J7: 76.223077 | K7: 76.75 | L7: 77.382857 | M7: 78 | N7: 78.557143 | O7: 78.727879 | P7: 78.75 | Q7: 78.702727 | R7: 78.548052 | S7: 78.57218 | T7: 78.770085 | U7: 78.905195 | V7: 79.101111 | W7: 79.118182 | X7: 79.085 | Y7: 79.083333 | Z7: 79.083333 | AA7: 79.367273 | AB7: 79.367273 | AC7: 79.476316 | AD7: 79.579386 | AE7: 80.129167 | AF7: 80.502632
A8: 12.12 | B8: 93.1875 | C8: 93.302198 | D8: 93.275613 | E8: 92.167021 | F8: 84.30125 | G8: 80.067788 | H8: 78.702727 | I8: 78.314583 | J8: 76.687218 | K8: 76.942513 | L8: 77.201429 | M8: 77.571429 | N8: 77.929464 | O8: 78.546465 | P8: 78.78 | Q8: 78.617004 | R8: 78.401667 | S8: 78.417105 | T8: 78.637013 | U8: 78.818717 | V8: 78.95 | W8: 79.083333 | X8: 79.294706 | Y8: 79.336364 | Z8: 79.5 | AA8: 80.17 | AB8: 80.431868 | AC8: 80.924103 | AD8: 81.381818 | AE8: 81.835145 | AF8: 83.663603
A9: 12.6517 | B9: 93.3375 | C9: 93.23808 | D9: 93.215079 | E9: 93.23808 | F9: 93.182386 | G9: 92.951429 | H9: 85.335 | I9: 83.858095 | J9: 79.692308 | K9: 79.212551 | L9: 78.91875 | M9: 77.158772 | N9: 77.158772 | O9: 77.666667 | P9: 78.059608 | Q9: 78 | R9: 78 | S9: 78.2 | T9: 78.611538 | U9: 78.703333 | V9: 79.231222 | W9: 79.400909 | X9: 80.081091 | Y9: 80.389011 | Z9: 81.214286 | AA9: 81.303333 | AB9: 83.201429 | AC9: 83.817917 | AD9: 87.586538 | AE9: 87.669231 | AF9: 87.702
A10: 13.1833 | B10: 94 | C10: 93.6 | D10: 93.3375 | E10: 93.417857 | F10: 93.264115 | G10: 93.058333 | H10: 92.951429 | I10: 92.601905 | J10: 92.154251 | K10: 84.3125 | L10: 83.8125 | M10: 79.565839 | N10: 79.39 | O10: 78.6025 | P10: 77.944737 | Q10: 78 | R10: 77.546465 | S10: 77.90559 | T10: 78.4 | U10: 79.5 | V10: 80.385043 | W10: 81.216387 | X10: 81.241765 | Y10: 83.365667 | Z10: 87.007143 | AA10: 87.620513 | AB10: 87.620513 | AC10: 88.598684 | AD10: 88.753947 | AE10: 88.790526 | AF10: 88.945263
A11: 13.715 | B11: 94.137621 | C11: 94.126136 | D11: 94.083333 | E11: 93.666667 | F11: 93.481316 | G11: 93.417857 | H11: 93.215079 | I11: 92.841667 | J11: 92.462051 | K11: 91.803051 | L11: 91.411039 | M11: 86.0625 | N11: 84.645238 | O11: 82.470898 | P11: 81.95 | Q11: 81.79375 | R11: 81.236765 | S11: 80.91049 | T11: 82.349407 | U11: 82.800952 | V11: 85.620513 | W11: 87.738909 | X11: 88.208571 | Y11: 88.291758 | Z11: 88.962406 | AA11: 89.3525 | AB11: 89.452059 | AC11: 89.78 | AD11: 89.945238 | AE11: 89.953143 | AF11: 90
A12: 14.2467 | B12: 95.093357 | C12: 95.232692 | D12: 95.526429 | E12: 95.412255 | F12: 95.5 | G12: 95.312829 | H12: 94.502632 | I12: 94.282418 | J12: 94.083333 | K12: 93.250899 | L12: 93 | M12: 93.401667 | N12: 93.417857 | O12: 93.721333 | P12: 88.800952 | Q12: 88.169048 | R12: 87.01 | S12: 87.251316 | T12: 88.37663 | U12: 90 | V12: 92 | W12: 92.693665 | X12: 93.005556 | Y12: 93.005556 | Z12: 93.4 | AA12: 93.833333 | AB12: 93.847253 | AC12: 93.833333 | AD12: 93.863736 | AE12: 94 | AF12: 94.205
A13: 14.7783 | B13: 95.945455 | C13: 96.067692 | D13: 95.954924 | E13: 96.067692 | F13: 96.232692 | G13: 96.429464 | H13: 96.469231 | I13: 96.252273 | J13: 95.714286 | K13: 94.959091 | L13: 94.666667 | M13: 95.134286 | N13: 94.700588 | O13: 95.232692 | P13: 96.055556 | Q13: 96.415033 | R13: 93.720727 | S13: 93.223077 | T13: 92.729545 | U13: 91.9 | V13: 94.470588 | W13: 94.729545 | X13: 95 | Y13: 95 | Z13: 95.005 | AA13: 95.565362 | AB13: 95.632421 | AC13: 95.66875 | AD13: 95.732323 | AE13: 95.790526 | AF13: 95.8
... A32: 24.88 | B32: 98.232692 | C32: 98.047188 | D32: 98 | E32: 97.883591 | F32: 97.883591 | G32: 97.882353 | H32: 97.835 | I32: 97.835 | J32: 97.835 | K32: 97.833333 | L32: 97.833333 | M32: 97.882353 | N32: 97.689338 | O32: 97.638112 | P32: 97.005556 | Q32: 96.778261 | R32: 96.65045 | S32: 97.67619 | T32: 97.239773 | U32: 98.835 | V32: 99.5 | W32: 99.842857 | X32: 100.51524 | Y32: 101.36573 | Z32: 102.34167 | AA32: 107.33333 | AB32: 107.37596 | AC32: 107.66842 | AD32: 107.77857 | AE32: 108.14357 | AF32: 108.23676

Sheet RF_R50_p10
A1: FeO \ Fe | B1: 37.3072 | C1: 37.973 | D1: 38.6387 | E1: 39.3045 | F1: 39.9702 | G1: 40.636 | H1: 41.3018 | I1: 41.9675 | J1: 42.6333 | K1: 43.299 | L1: 43.9648 | M1: 44.6306 | N1: 45.2963 | O1: 45.9621 | P1: 46.6278 | Q1: 47.2936 | R1: 47.9594 | S1: 48.6251 | T1: 49.2909 | U1: 49.9566 | V1: 50.6224 | W1: 51.2882 | X1: 51.9539 | Y1: 52.6197 | Z1: 53.2854 | AA1: 53.9512 | AB1: 54.617 | AC1: 55.2827 | AD1: 55.9485 | AE1: 56.6142 | AF1: 57.28
A2: 8.93 | B2: 67.298571 | C2: 67.298571 | D2: 67.298571 | E2: 67.298571 | F2: 67.303913 | G2: 67.375 | H2: 67.410588 | I2: 67.398889 | J2: 67.411765 | K2: 67.411765 | L2: 67.497826 | M2: 67.666667 | N2: 67.732222 | O2: 67.8 | P2: 67.833333 | Q2: 67.833333 | R2: 67.882353 | S2: 67.935417 | T2: 67.996429 | U2: 68 | V2: 68 | W2: 68.03913 | X2: 68.03913 | Y2: 68.03913 | Z2: 68 | AA2: 68 | AB2: 68 | AC2: 68 | AD2: 68 | AE2: 68 | AF2: 68
A3: 9.4617 | B3: 67.284921 | C3: 67.298571 | D3: 67.298571 | E3: 67.298571 | F3: 67.298571 | G3: 67.298571 | H3: 67.307358 | I3: 67.383654 | J3: 67.410588 | K3: 67.411765 | L3: 67.497826 | M3: 67.666667 | N3: 67.732222 | O3: 67.798571 | P3: 67.83125 | Q3: 67.83125 | R3: 67.882118 | S3: 67.916304 | T3: 67.949444 | U3: 67.962857 | V3: 68 | W3: 68 | X3: 68 | Y3: 67.996429 | Z3: 67.996429 | AA3: 67.996429 | AB3: 68 | AC3: 68.544755 | AD3: 68.6 | AE3: 68.615385 | AF3: 68.615385
A4: 9.9933 | B4: 67.285714 | C4: 67.285714 | D4: 67.285714 | E4: 67.285714 | F4: 67.298571 | G4: 67.285714 | H4: 67.307358 | I4: 67.285714 | J4: 67.375 | K4: 67.411765 | L4: 67.497826 | M4: 67.666667 | N4: 67.722222 | O4: 67.785714 | P4: 67.81125 | Q4: 67.798571 | R4: 67.854762 | S4: 67.908658 | T4: 67.916667 | U4: 67.935417 | V4: 67.962857 | W4: 67.996429 | X4: 68.152747 | Y4: 68.544755 | Z4: 68.615385 | AA4: 68.615385 | AB4: 68.615385 | AC4: 68.615385 | AD4: 68.615385 | AE4: 68.615385 | AF4: 68.615385
A5: 10.525 | B5: 67.124265 | C5: 67.1875 | D5: 67.19875 | E5: 67.285714 | F5: 67.285714 | G5: 67.285714 | H5: 67.25 | I5: 67.266087 | J5: 67.307692 | K5: 67.370833 | L5: 67.497826 | M5: 67.666667 | N5: 67.694837 | O5: 67.722222 | P5: 67.782143 | Q5: 67.748684 | R5: 67.83125 | S5: 67.888235 | T5: 68.06625 | U5: 68.444444 | V5: 68.598824 | W5: 68.6 | X5: 68.6 | Y5: 68.6 | Z5: 68.6 | AA5: 68.6 | AB5: 68.6 | AC5: 68.6 | AD5: 68.6 | AE5: 68.6 | AF5: 68.6
A6: 11.0567 | B6: 67.266667 | C6: 67.213547 | D6: 67.1875 | E6: 67.06625 | F6: 67.082692 | G6: 67.1875 | H6: 67.116993 | I6: 67.110526 | J6: 67.166667 | K6: 67.1875 | L6: 67.276667 | M6: 67.5625 | N6: 67.6 | O6: 67.666667 | P6: 67.666667 | Q6: 68.17549 | R6: 68.333333 | S6: 68.427381 | T6: 68.496154 | U6: 68.5 | V6: 68.529412 | W6: 68.537557 | X6: 68.537557 | Y6: 68.537557 | Z6: 68.537557 | AA6: 68.537557 | AB6: 68.537557 | AC6: 68.537557 | AD6: 68.537557 | AE6: 68.704525 | AF6: 68.817614
A7: 11.5883 | B7: 67.995 | C7: 67.541346 | D7: 67.497826 | E7: 67.1875 | F7: 67.1875 | G7: 67.082692 | H7: 66.95462 | I7: 67 | J7: 67.06625 | K7: 67.110526 | L7: 67.259783 | M7: 67.541346 | N7: 68.061513 | O7: 68.198182 | P7: 68.25 | Q7: 68.263158 | R7: 68.349783 | S7: 68.444444 | T7: 68.5 | U7: 68.529412 | V7: 68.554545 | W7: 68.564251 | X7: 68.564251 | Y7: 68.564251 | Z7: 68.564251 | AA7: 68.8125 | AB7: 68.844872 | AC7: 68.846154 | AD7: 68.873214 | AE7: 68.923077 | AF7: 68.923077
A8: 12.12 | B8: 68.103828 | C8: 68.103828 | D8: 68.103828 | E8: 68 | F8: 67.598824 | G8: 67.331579 | H8: 67.240318 | I8: 67.19875 | J8: 67.086594 | K8: 67.25 | L8: 67.472982 | M8: 68.131111 | N8: 68.349783 | O8: 68.5 | P8: 68.615385 | Q8: 68.5 | R8: 68.5 | S8: 68.571429 | T8: 68.598824 | U8: 68.61 | V8: 68.641729 | W8: 68.720588 | X8: 68.922436 | Y8: 68.947076 | Z8: 69 | AA8: 69.099091 | AB8: 69.123026 | AC8: 69.165385 | AD8: 69.165385 | AE8: 69.166667 | AF8: 69.221429
A9: 12.6517 | B9: 68.428571 | C9: 68.428571 | D9: 68.428571 | E9: 68.428571 | F9: 68.386842 | G9: 68.428571 | H9: 68.165385 | I9: 68.06625 | J9: 67.699231 | K9: 67.64011 | L9: 67.881618 | M9: 67.940909 | N9: 68.198182 | O9: 68.459829 | P9: 68.776471 | Q9: 68.856044 | R9: 68.923077 | S9: 69.099091 | T9: 69.333333 | U9: 69.123026 | V9: 69.229915 | W9: 69.24881 | X9: 69.424845 | Y9: 69.437228 | Z9: 69.453535 | AA9: 69.453535 | AB9: 69.479368 | AC9: 69.5 | AD9: 69.631818 | AE9: 69.631818 | AF9: 69.631818
A10: 13.1833 | B10: 68.5 | C10: 68.5 | D10: 68.5 | E10: 68.624405 | F10: 68.833333 | G10: 68.919667 | H10: 68.841228 | I10: 68.770455 | J10: 68.722222 | K10: 68.25 | L10: 68.346377 | M10: 68.346377 | N10: 68.453535 | O10: 68.6875 | P10: 68.5 | Q10: 68.832353 | R10: 68.955314 | S10: 69.649286 | T10: 69.798261 | U10: 69.932857 | V10: 70 | W10: 69.928571 | X10: 69.727273 | Y10: 69.642857 | Z10: 69.759048 | AA10: 69.759048 | AB10: 69.764426 | AC10: 69.798261 | AD10: 69.798261 | AE10: 69.798261 | AF10: 69.8
A11: 13.715 | B11: 69.5 | C11: 70.903896 | D11: 71.197647 | E11: 71.22 | F11: 71.279365 | G11: 71.22 | H11: 70.996296 | I11: 70.843357 | J11: 70.788787 | K11: 70.856044 | L11: 71.328571 | M11: 70.720588 | N11: 70.822995 | O11: 71.21391 | P11: 71.248077 | Q11: 71.460839 | R11: 71.330769 | S11: 71.307692 | T11: 71.591228 | U11: 71.64011 | V11: 71.8975 | W11: 71.996154 | X11: 71.961037 | Y11: 71.949118 | Z11: 71.949118 | AA11: 71.5 | AB11: 71.304701 | AC11: 71.304701 | AD11: 71.304701 | AE11: 71.304701 | AF11: 71.304701
A12: 14.2467 | B12: 79.315775 | C12: 79.383992 | D12: 79.454515 | E12: 79.496154 | F12: 79.496154 | G12: 79.519565 | H12: 79.48913 | I12: 79.315775 | J12: 79.281373 | K12: 79.369318 | L12: 81.590476 | M12: 81.8725 | N12: 82.176136 | O12: 81.712088 | P12: 77.460385 | Q12: 77.272727 | R12: 75.521429 | S12: 75.932308 | T12: 77.042857 | U12: 76.124265 | V12: 73.94375 | W12: 74.59625 | X12: 74.553618 | Y12: 74.744231 | Z12: 74.886957 | AA12: 74.886957 | AB12: 74.944444 | AC12: 74.89222 | AD12: 74.313333 | AE12: 73.94375 | AF12: 73.94375
A13: 14.7783 | B13: 83.367943 | C13: 83.375 | D13: 83.461538 | E13: 83.641729 | F13: 83.646639 | G13: 83.646639 | H13: 83.7 | I13: 83.713445 | J13: 84.370833 | K13: 84.085953 | L13: 84 | M13: 84.165385 | N13: 84.272121 | O13: 84.272121 | P13: 83.960623 | Q13: 83.798261 | R13: 81.545 | S13: 81.093071 | T13: 81.460839 | U13: 81.299412 | V13: 82.131765 | W13: 82.231765 | X13: 81.123026 | Y13: 79.53 | Z13: 79.537949 | AA13: 79.53 | AB13: 79.544755 | AC13: 79.544755 | AD13: 79.658333 | AE13: 79.758974 | AF13: 79.758974
... A32: 24.88 | B32: 88.299412 | C32: 88.383654 | D32: 88.5 | E32: 88.5 | F32: 88.5 | G32: 88.5 | H32: 88.55 | I32: 88.55 | J32: 88.635227 | K32: 88.676286 | L32: 88.642208 | M32: 88.68675 | N32: 88.726768 | O32: 88.727273 | P32: 88.624038 | Q32: 88.614957 | R32: 88.614957 | S32: 89.117421 | T32: 89.180303 | U32: 89.411497 | V32: 89.544755 | W32: 89.8 | X32: 90.436607 | Y32: 90.5 | Z32: 90.533333 | AA32: 92.666667 | AB32: 93.271542 | AC32: 93.450758 | AD32: 94.090152 | AE32: 101.92662 | AF32: 102.31088

Sheet RF_R50_mean
A1: FeO \ Fe | B1: 37.3072 | C1: 37.973 | D1: 38.6387 | E1: 39.3045 | F1: 39.9702 | G1: 40.636 | H1: 41.3018 | I1: 41.9675 | J1: 42.6333 | K1: 43.299 | L1: 43.9648 | M1: 44.6306 | N1: 45.2963 | O1: 45.9621 | P1: 46.6278 | Q1: 47.2936 | R1: 47.9594 | S1: 48.6251 | T1: 49.2909 | U1: 49.9566 | V1: 50.6224 | W1: 51.2882 | X1: 51.9539 | Y1: 52.6197 | Z1: 53.2854 | AA1: 53.9512 | AB1: 54.617 | AC1: 55.2827 | AD1: 55.9485 | AE1: 56.6142 | AF1: 57.28
A2: 8.93 | B2: 70.02 | C2: 70.02 | D2: 70 | E2: 70 | F2: 70 | G2: 70.090909 | H2: 70.146429 | I2: 70.13961 | J2: 70.186147 | K2: 70.205263 | L2: 70.333333 | M2: 70.780193 | N2: 71 | O2: 71.281746 | P2: 71.333333 | Q2: 71.322917 | R2: 71.292857 | S2: 71.5 | T2: 71.585784 | U2: 71.666667 | V2: 71.853571 | W2: 71.857143 | X2: 71.857143 | Y2: 71.861905 | Z2: 71.839744 | AA2: 71.848077 | AB2: 71.853571 | AC2: 71.861905 | AD2: 71.853571 | AE2: 71.853571 | AF2: 71.853571
A3: 9.4617 | B3: 70.077381 | C3: 70.02 | D3: 70 | E3: 70 | F3: 70 | G3: 70 | H3: 70.02 | I3: 70.074176 | J3: 70.17029 | K3: 70.231283 | L3: 70.333333 | M3: 70.775253 | N3: 71 | O3: 71.275253 | P3: 71.333333 | Q3: 71.30625 | R3: 71.285714 | S3: 71.5 | T3: 71.58114 | U3: 71.644958 | V3: 71.792857 | W3: 71.8 | X3: 71.839744 | Y3: 71.816667 | Z3: 71.816667 | AA3: 71.839744 | AB3: 71.933333 | AC3: 72.93797 | AD3: 73.046537 | AE3: 73.053221 | AF3: 73.066964
A4: 9.9933 | B4: 70.25 | C4: 70.235294 | D4: 70.205263 | E4: 70.052632 | F4: 70 | G4: 70 | H4: 70 | I4: 70 | J4: 70.041739 | K4: 70.220779 | L4: 70.333333 | M4: 70.766364 | N4: 71 | O4: 71.272727 | P4: 71.322917 | Q4: 71.281746 | R4: 71.267943 | S4: 71.466667 | T4: 71.570724 | U4: 71.63961 | V4: 71.792857 | W4: 71.8 | X4: 72.087121 | Y4: 72.888545 | Z4: 73.036472 | AA4: 73.044466 | AB4: 73.053221 | AC4: 73.053221 | AD4: 73.060662 | AE4: 73.066964 | AF4: 73.044466
A5: 10.525 | B5: 69.828431 | C5: 69.935417 | D5: 69.935417 | E5: 70.153846 | F5: 70.15 | G5: 70.095455 | H5: 69.933333 | I5: 69.861905 | J5: 69.933333 | K5: 70 | L5: 70.272727 | M5: 70.705882 | N5: 70.851648 | O5: 71.076923 | P5: 71.160256 | Q5: 71.142857 | R5: 71.180195 | S5: 71.386752 | T5: 71.712941 | U5: 72.5 | V5: 72.781746 | W5: 72.794737 | X5: 72.787594 | Y5: 72.794737 | Z5: 72.837719 | AA5: 72.846053 | AB5: 72.878676 | AC5: 72.888545 | AD5: 72.888545 | AE5: 72.866071 | AF5: 72.781746
A6: 11.0567 | B6: 70.292857 | C6: 70.108187 | D6: 69.979167 | E6: 69.575188 | F6: 69.651087 | G6: 69.833333 | H6: 69.842105 | I6: 69.75 | J6: 69.823529 | K6: 69.811012 | L6: 69.885621 | M6: 70.5 | N6: 70.65 | O6: 70.866667 | P6: 70.955166 | Q6: 71.8875 | R6: 72 | S6: 72.236695 | T6: 72.348077 | U6: 72.455769 | V6: 72.633971 | W6: 72.633971 | X6: 72.623482 | Y6: 72.63961 | Z6: 72.63961 | AA6: 72.644958 | AB6: 72.583591 | AC6: 72.539706 | AD6: 72.526611 | AE6: 73 | AF6: 73.044466
A7: 11.5883 | B7: 79.099034 | C7: 71.641876 | D7: 71.333333 | E7: 70.1 | F7: 70 | G7: 69.69398 | H7: 69.456439 | I7: 69.466667 | J7: 69.636364 | K7: 69.833333 | L7: 70.087121 | M7: 70.75 | N7: 71.745968 | O7: 72.055556 | P7: 72.083916 | Q7: 72.083916 | R7: 72.071429 | S7: 72.316986 | T7: 72.424812 | U7: 72.539706 | V7: 72.735088 | W7: 72.727273 | X7: 72.63961 | Y7: 72.61204 | Z7: 72.61204 | AA7: 73.051587 | AB7: 73.081667 | AC7: 73.184659 | AD7: 73.261364 | AE7: 73.422619 | AF7: 73.5
A8: 12.12 | B8: 79.897619 | C8: 79.964286 | D8: 80.060662 | E8: 76.925824 | F8: 72 | G8: 70.526316 | H8: 70.15 | I8: 70 | J8: 69.69398 | K8: 70.311741 | L8: 70.861905 | M8: 71.848571 | N8: 72.5 | O8: 73 | P8: 73 | Q8: 72.36039 | R8: 72.13961 | S8: 72.428571 | T8: 72.623482 | U8: 72.689904 | V8: 72.759615 | W8: 72.866071 | X8: 73.090909 | Y8: 73.188988 | Z8: 73.292857 | AA8: 73.5 | AB8: 73.617216 | AC8: 73.680909 | AD8: 73.766968 | AE8: 73.782609 | AF8: 73.922619
A9: 12.6517 | B9: 81.46875 | C9: 81.5 | D9: 81.5 | E9: 81.45 | F9: 81.45 | G9: 81.083333 | H9: 74 | I9: 73.428571 | J9: 71.919872 | K9: 71.636364 | L9: 72 | M9: 71.666667 | N9: 72 | O9: 72.642857 | P9: 72.875 | Q9: 72.875 | R9: 72.786041 | S9: 73.078462 | T9: 73.333333 | U9: 73.15587 | V9: 73.363636 | W9: 73.458333 | X9: 73.686154 | Y9: 73.766968 | Z9: 73.885621 | AA9: 73.891813 | AB9: 74 | AC9: 74.095455 | AD9: 74.6 | AE9: 74.6 | AF9: 74.6
A10: 13.1833 | B10: 82.684848 | C10: 82.684848 | D10: 82.651515 | E10: 82.651515 | F10: 82.735088 | G10: 82.75731 | H10: 82.41886 | I10: 82.432749 | J10: 82.145833 | K10: 74.707143 | L10: 74.368778 | M10: 73 | N10: 73.077381 | O10: 73.171569 | P10: 72.8125 | Q10: 73 | R10: 72.939338 | S10: 73.5 | T10: 73.930952 | U10: 74.424812 | V10: 74.75 | W10: 74.833333 | X10: 74.474937 | Y10: 74.568323 | Z10: 75.075 | AA10: 75.138947 | AB10: 75.162281 | AC10: 75.346667 | AD10: 75.379808 | AE10: 75.386752 | AF10: 75.416667
A11: 13.715 | B11: 85.869748 | C11: 85.904545 | D11: 86.0625 | E11: 86 | F11: 85.904545 | G11: 85.894737 | H11: 85.781746 | I11: 85.651515 | J11: 85.633971 | K11: 85.6 | L11: 85.511905 | M11: 81.177083 | N11: 80.444664 | O11: 79.085145 | P11: 78.25 | Q11: 78.212406 | R11: 77.894444 | S11: 77.333333 | T11: 78.080128 | U11: 78.236695 | V11: 78.811012 | W11: 79.51087 | X11: 79.736232 | Y11: 79.792857 | Z11: 80.153947 | AA11: 80.095556 | AB11: 80.141667 | AC11: 80.195238 | AD11: 80.3 | AE11: 80.335185 | AF11: 80.401985
A12: 14.2467 | B12: 88.404762 | C12: 88.647059 | D12: 88.933333 | E12: 89 | F12: 89.195238 | G12: 89.166667 | H12: 88.86039 | I12: 88.591667 | J12: 88.371711 | K12: 88.021739 | L12: 88.077381 | M12: 88.307692 | N12: 88.218254 | O12: 88.292857 | P12: 84.074176 | Q12: 84 | R12: 82.85641 | S12: 83.199405 | T12: 84.269697 | U12: 84.928571 | V12: 85.538462 | W12: 85.765568 | X12: 85.792857 | Y12: 85.888545 | Z12: 86.08194 | AA12: 86.218254 | AB12: 86.285714 | AC12: 86.292857 | AD12: 86.325758 | AE12: 86.458042 | AF12: 86.502564
A13: 14.7783 | B13: 89.589572 | C13: 89.583591 | D13: 89.605556 | E13: 89.881944 | F13: 90.25 | G13: 90.533937 | H13: 90.644958 | I13: 90.5 | J13: 90.126984 | K13: 89.6 | L13: 89.371711 | M13: 89.341667 | N13: 89.25 | O13: 89.403704 | P13: 89.384615 | Q13: 89.240385 | R13: 87.216374 | S13: 86.111111 | T13: 86.218254 | U13: 86.464103 | V13: 88 | W13: 88.3 | X13: 88.351648 | Y13: 88.289916 | Z13: 88.36039 | AA13: 88.577381 | AB13: 88.873016 | AC13: 88.909091 | AD13: 88.972222 | AE13: 89.026316 | AF13: 89.066964
... A32: 24.88 | B32: 93.3 | C32: 93.255435 | D32: 93.281746 | E32: 93.186343 | F32: 93.188988 | G32: 93.191392 | H32: 93.205263 | I32: 93.205263 | J32: 93.2 | K32: 93.196154 | L32: 93.142857 | M32: 93.179549 | N32: 93.125 | O32: 93.248856 | P32: 93.066667 | Q32: 92.923077 | R32: 92.932184 | S32: 93.308424 | T32: 93.201417 | U32: 93.5 | V32: 93.722222 | W32: 93.914855 | X32: 95.285714 | Y32: 95.440972 | Z32: 96.191392 | AA32: 102.22291 | AB32: 103.65686 | AC32: 104.58333 | AD32: 105.40455 | AE32: 106.94281 | AF32: 107.1

Sheet RF_R50_p90
A1: FeO \ Fe | B1: 37.3072 | C1: 37.973 | D1: 38.6387 | E1: 39.3045 | F1: 39.9702 | G1: 40.636 | H1: 41.3018 | I1: 41.9675 | J1: 42.6333 | K1: 43.299 | L1: 43.9648 | M1: 44.6306 | N1: 45.2963 | O1: 45.9621 | P1: 46.6278 | Q1: 47.2936 | R1: 47.9594 | S1: 48.6251 | T1: 49.2909 | U1: 49.9566 | V1: 50.6224 | W1: 51.2882 | X1: 51.9539 | Y1: 52.6197 | Z1: 53.2854 | AA1: 53.9512 | AB1: 54.617 | AC1: 55.2827 | AD1: 55.9485 | AE1: 56.6142 | AF1: 57.28
A2: 8.93 | B2: 75.75 | C2: 75.738158 | D2: 75.75 | E2: 75.727879 | F2: 75.696087 | G2: 75.631579 | H2: 75.414519 | I2: 75.409561 | J2: 76.173077 | K2: 76.145238 | L2: 76.145238 | M2: 76.770085 | N2: 77.004762 | O2: 77.333333 | P2: 77.352941 | Q2: 77.308173 | R2: 77.195417 | S2: 77.55625 | T2: 78.135385 | U2: 78.601111 | V2: 79.8 | W2: 80.005 | X2: 80.005 | Y2: 80.067227 | Z2: 80.158772 | AA2: 80.307037 | AB2: 80.564286 | AC2: 80.564286 | AD2: 80.69375 | AE2: 80.830556 | AF2: 81.559091
A3: 9.4617 | B3: 75.882353 | C3: 75.727879 | D3: 75.727879 | E3: 75.7 | F3: 75.625658 | G3: 75.409561 | H3: 75.183636 | I3: 75.146753 | J3: 75.804211 | K3: 76.064286 | L3: 76.303333 | M3: 76.733333 | N3: 77 | O3: 77.333333 | P3: 77.346833 | Q3: 77.307692 | R3: 77.195417 | S3: 77.55625 | T3: 78.135385 | U3: 78.601111 | V3: 79.8 | W3: 80.005 | X3: 80.005 | Y3: 80.067227 | Z3: 80.158772 | AA3: 80.307037 | AB3: 80.564286 | AC3: 80.647321 | AD3: 80.830556 | AE3: 81.559091 | AF3: 81.611818
A4: 9.9933 | B4: 76 | C4: 76.223077 | D4: 76.4625 | E4: 75.805714 | F4: 75.625658 | G4: 75.300769 | H4: 75.057143 | I4: 74.917857 | J4: 75.005556 | K4: 75.787143 | L4: 76.231222 | M4: 76.733333 | N4: 76.9 | O4: 77.304682 | P4: 77.312829 | Q4: 77.168182 | R4: 77.078322 | S4: 77.476398 | T4: 77.952632 | U4: 78.548804 | V4: 79.658571 | W4: 80.005 | X4: 80.005 | Y4: 80.144361 | Z4: 80.18 | AA4: 80.388889 | AB4: 80.647321 | AC4: 80.647321 | AD4: 80.830556 | AE4: 81.559091 | AF4: 81.611818
A5: 10.525 | B5: 75.183636 | C5: 75.631579 | D5: 75.511538 | E5: 75.835714 | F5: 76.048413 | G5: 76.125543 | H5: 74.848205 | I5: 74.555556 | J5: 74.706723 | K5: 74.752778 | L5: 75.827689 | M5: 76.504167 | N5: 76.439205 | O5: 76.836667 | P5: 76.87375 | Q5: 76.669231 | R5: 76.542045 | S5: 77.168182 | T5: 77.876389 | U5: 78.502632 | V5: 79.539161 | W5: 79.586538 | X5: 79.586538 | Y5: 80.005 | Z5: 80.067227 | AA5: 80.158772 | AB5: 80.307037 | AC5: 80.307037 | AD5: 80.647321 | AE5: 80.69375 | AF5: 80.830556
A6: 11.0567 | B6: 80.546154 | C6: 79.47 | D6: 77.8675 | E6: 74.52437 | F6: 75.041556 | G6: 75.083696 | H6: 75.071978 | I6: 75.055556 | J6: 75.291667 | K6: 74.22013 | L6: 74.375 | M6: 76.171053 | N6: 76.439205 | O6: 76.550556 | P6: 76.541667 | Q6: 77.091342 | R6: 77.095714 | S6: 77.438194 | T6: 77.917857 | U6: 78.45615 | V6: 79.539161 | W6: 79.586538 | X6: 79.586538 | Y6: 80.005 | Z6: 80.067227 | AA6: 80.158772 | AB6: 80.307037 | AC6: 80.307037 | AD6: 80.647321 | AE6: 82.833484 | AF6: 82.947436
A7: 11.5883 | B7: 93.210902 | C7: 86.07381 | D7: 85.502941 | E7: 79.533333 | F7: 79.123077 | G7: 75.755 | H7: 73.91875 | I7: 74.2 | J7: 74.669231 | K7: 75.05625 | L7: 75.6 | M7: 76.600714 | N7: 77.304682 | O7: 77.334615 | P7: 77.267273 | Q7: 77.174704 | R7: 77.1025 | S7: 77.446154 | T7: 77.929464 | U7: 78.45615 | V7: 79.549242 | W7: 79.626573 | X7: 79.626573 | Y7: 80.005 | Z7: 80.067227 | AA7: 82.647802 | AB7: 82.753571 | AC7: 83.17 | AD7: 83.902857 | AE7: 84.594976 | AF7: 84.870909
A8: 12.12 | B8: 93.113333 | C8: 93.333333 | D8: 93.734468 | E8: 92.699077 | F8: 85.900909 | G8: 81.8375 | H8: 79.728458 | I8: 79.375 | J8: 75.701429 | K8: 75.733684 | L8: 76.300435 | M8: 76.546465 | N8: 77.049107 | O8: 77.480435 | P8: 77.6 | Q8: 77.181818 | R8: 76.906593 | S8: 77.206087 | T8: 77.900476 | U8: 78.45671 | V8: 80.064052 | W8: 80.69375 | X8: 82.478571 | Y8: 82.637013 | Z8: 83.251316 | AA8: 84.351538 | AB8: 84.736471 | AC8: 85.636364 | AD8: 86.060084 | AE8: 86.298052 | AF8: 87.620513
A9: 12.6517 | B9: 93.751923 | C9: 93.690179 | D9: 93.94 | E9: 93.91619 | F9: 93.734468 | G9: 93.602791 | H9: 87.563393 | I9: 86 | J9: 81.737879 | K9: 80.56 | L9: 80.244571 | M9: 77.004348 | N9: 76.869474 | O9: 77.091342 | P9: 77.446154 | Q9: 77.095714 | R9: 77.16875 | S9: 77.75 | T9: 79.362605 | U9: 80.47094 | V9: 83.902857 | W9: 84.334615 | X9: 84.641754 | Y9: 85.079576 | Z9: 86.228571 | AA9: 86.504545 | AB9: 87.909848 | AC9: 88.398841 | AD9: 90.355 | AE9: 90.355 | AF9: 90.75625
A10: 13.1833 | B10: 94.8755 | C10: 94.625 | D10: 94.8755 | E10: 94.880889 | F10: 94.502174 | G10: 94.091818 | H10: 94.006667 | I10: 93.861429 | J10: 93.66875 | K10: 87.574286 | L10: 87.182386 | M10: 82.22013 | N10: 81.616667 | O10: 81.003846 | P10: 78.715584 | Q10: 79.357143 | R10: 79.335714 | S10: 79.744615 | T10: 81.727273 | U10: 83.935714 | V10: 86.293506 | W10: 87.561538 | X10: 87.669231 | Y10: 88.729545 | Z10: 90.355 | AA10: 91.384167 | AB10: 91.94375 | AC10: 92.695077 | AD10: 92.835714 | AE10: 92.858095 | AF10: 93.115909
A11: 13.715 | B11: 94.666667 | C11: 94.740936 | D11: 95.334615 | E11: 95.308173 | F11: 95.086111 | G11: 94.8755 | H11: 94.527018 | I11: 93.94 | J11: 93.861429 | K11: 93.620513 | L11: 93.268571 | M11: 89.740217 | N11: 89.129167 | O11: 87.454545 | P11: 86.048739 | Q11: 85.913636 | R11: 85.617004 | S11: 85.196154 | T11: 87.182386 | U11: 88.336364 | V11: 90.469231 | W11: 91.645238 | X11: 92 | Y11: 92.062917 | Z11: 92.874118 | AA11: 93.288874 | AB11: 93.3775 | AC11: 93.548052 | AD11: 93.72619 | AE11: 93.846154 | AF11: 93.847253
A12: 14.2467 | B12: 94.8525 | C12: 95.153846 | D12: 95.833721 | E12: 95.929048 | F12: 96.071978 | G12: 96.158462 | H12: 95.668182 | I12: 95.277508 | J12: 95 | K12: 94.430714 | L12: 93.762637 | M12: 94.006667 | N12: 94 | O12: 94.880889 | P12: 91 | Q12: 90.836957 | R12: 90.215079 | S12: 89.883007 | T12: 90.091342 | U12: 91.753571 | V12: 93.5 | W12: 94.317544 | X12: 94.818182 | Y12: 94.770085 | Z12: 94.945 | AA12: 95.5 | AB12: 95.503846 | AC12: 95.45 | AD12: 95.557143 | AE12: 95.708021 | AF12: 95.834615
A13: 14.7783 | B13: 96.127885 | C13: 96.079231 | D13: 95.909612 | E13: 96.193394 | F13: 96.578947 | G13: 96.945238 | H13: 97.137013 | I13: 97.045909 | J13: 96.272727 | K13: 95.753571 | L13: 95.526123 | M13: 95.5 | N13: 94.923626 | O13: 96.144361 | P13: 97.095455 | Q13: 97.609205 | R13: 94.759524 | S13: 93.657288 | T13: 92.571429 | U13: 92.421805 | V13: 95.050882 | W13: 95.37004 | X13: 95.866746 | Y13: 95.8 | Z13: 95.966667 | AA13: 96.546203 | AB13: 96.712217 | AC13: 96.712217 | AD13: 96.774126 | AE13: 96.823864 | AF13: 96.823864
... A32: 24.88 | B32: 99.610417 | C32: 99.5 | D32: 99.431868 | E32: 99.411765 | F32: 99.411765 | G32: 99.411765 | H32: 99.356536 | I32: 99.345639 | J32: 99.345639 | K32: 99.401176 | L32: 99.401176 | M32: 99.298039 | N32: 99.183836 | O32: 99.412255 | P32: 99.5 | Q32: 99.358824 | R32: 99.591667 | S32: 101.83333 | T32: 101.90286 | U32: 103.45909 | V32: 104.09748 | W32: 104.80182 | X32: 106.34564 | Y32: 106.38615 | Z32: 106.68157 | AA32: 107.90909 | AB32: 107.92857 | AC32: 108.23676 | AD32: 108.3 | AE32: 108.56339 | AF32: 108.69308

Sheet RF_R90_p10
A1: FeO \ Fe | B1: 37.3072 | C1: 37.973 | D1: 38.6387 | E1: 39.3045 | F1: 39.9702 | G1: 40.636 | H1: 41.3018 | I1: 41.9675 | J1: 42.6333 | K1: 43.299 | L1: 43.9648 | M1: 44.6306 | N1: 45.2963 | O1: 45.9621 | P1: 46.6278 | Q1: 47.2936 | R1: 47.9594 | S1: 48.6251 | T1: 49.2909 | U1: 49.9566 | V1: 50.6224 | W1: 51.2882 | X1: 51.9539 | Y1: 52.6197 | Z1: 53.2854 | AA1: 53.9512 | AB1: 54.617 | AC1: 55.2827 | AD1: 55.9485 | AE1: 56.6142 | AF1: 57.28
A2: 8.93 | B2: 67.213547 | C2: 67.213547 | D2: 67.214286 | E2: 67.249138 | F2: 67.25 | G2: 67.298571 | H2: 67.398889 | I2: 67.453091 | J2: 67.472982 | K2: 67.466154 | L2: 67.541346 | M2: 67.687171 | N2: 67.785714 | O2: 67.833333 | P2: 67.878957 | Q2: 67.878957 | R2: 67.882353 | S2: 67.916667 | T2: 67.962857 | U2: 68 | V2: 68 | W2: 68 | X2: 68 | Y2: 68 | Z2: 68 | AA2: 68 | AB2: 68 | AC2: 68 | AD2: 67.962857 | AE2: 67.962857 | AF2: 67.962857
A3: 9.4617 | B3: 67.1875 | C3: 67.206207 | D3: 67.213547 | E3: 67.23867 | F3: 67.23867 | G3: 67.249138 | H3: 67.285714 | I3: 67.427381 | J3: 67.466154 | K3: 67.454545 | L3: 67.538462 | M3: 67.666667 | N3: 67.748913 | O3: 67.817614 | P3: 67.833333 | Q3: 67.833333 | R3: 67.868323 | S3: 67.908658 | T3: 67.935417 | U3: 67.94375 | V3: 67.949444 | W3: 67.962857 | X3: 67.962857 | Y3: 67.94375 | Z3: 67.94375 | AA3: 67.94375 | AB3: 68 | AC3: 68.5 | AD3: 68.578195 | AE3: 68.587745 | AF3: 68.587745
A4: 9.9933 | B4: 67.1875 | C4: 67.1875 | D4: 67.1875 | E4: 67.19875 | F4: 67.206207 | G4: 67.206207 | H4: 67.276667 | I4: 67.298571 | J4: 67.398889 | K4: 67.438857 | L4: 67.5 | M4: 67.666667 | N4: 67.705294 | O4: 67.782143 | P4: 67.8 | Q4: 67.785714 | R4: 67.8 | S4: 67.878957 | T4: 67.895785 | U4: 67.903941 | V4: 67.909091 | W4: 67.912648 | X4: 68.071429 | Y4: 68.416667 | Z4: 68.554545 | AA4: 68.554545 | AB4: 68.554545 | AC4: 68.554545 | AD4: 68.554545 | AE4: 68.554545 | AF4: 68.554545
A5: 10.525 | B5: 67 | C5: 67.06625 | D5: 67.076923 | E5: 67.1875 | F5: 67.1875 | G5: 67.1875 | H5: 67.1875 | I5: 67.25 | J5: 67.307692 | K5: 67.370833 | L5: 67.5 | M5: 67.6 | N5: 67.666667 | O5: 67.68 | P5: 67.705294 | Q5: 67.699565 | R5: 67.722222 | S5: 67.798571 | T5: 67.935417 | U5: 68.331818 | V5: 68.459829 | W5: 68.496154 | X5: 68.496154 | Y5: 68.496154 | Z5: 68.496154 | AA5: 68.496154 | AB5: 68.496154 | AC5: 68.496154 | AD5: 68.496154 | AE5: 68.496154 | AF5: 68.496154
A6: 11.0567 | B6: 67.307692 | C6: 67.25 | D6: 67.214286 | E6: 67.0625 | F6: 67.082692 | G6: 67.186397 | H6: 67.1875 | I6: 67.214286 | J6: 67.276667 | K6: 67.302484 | L6: 67.453091 | M6: 67.623611 | N6: 67.666667 | O6: 67.722222 | P6: 67.748684 | Q6: 68.27177 | R6: 68.416667 | S6: 68.5 | T6: 68.526471 | U6: 68.537557 | V6: 68.544755 | W6: 68.554545 | X6: 68.554545 | Y6: 68.554545 | Z6: 68.554545 | AA6: 68.554545 | AB6: 68.554545 | AC6: 68.554545 | AD6: 68.554545 | AE6: 68.725134 | AF6: 68.8125
A7: 11.5883 | B7: 68.2 | C7: 67.68675 | D7: 67.6 | E7: 67.307692 | F7: 67.307692 | G7: 67.25 | H7: 67.083333 | I7: 67.166667 | J7: 67.25 | K7: 67.307692 | L7: 67.5 | M7: 67.68 | N7: 68.277273 | O7: 68.416667 | P7: 68.5 | Q7: 68.5 | R7: 68.5 | S7: 68.587745 | T7: 68.614957 | U7: 68.641729 | V7: 68.664286 | W7: 68.666667 | X7: 68.666667 | Y7: 68.666667 | Z7: 68.666667 | AA7: 68.915909 | AB7: 68.928022 | AC7: 68.928571 | AD7: 68.94375 | AE7: 69.064762 | AF7: 69.082692
A8: 12.12 | B8: 68.367579 | C8: 68.367579 | D8: 68.386842 | E8: 68.248529 | F8: 67.875 | G8: 67.561806 | H8: 67.453091 | I8: 67.5 | J8: 67.3875 | K8: 67.545455 | L8: 67.875 | M8: 68.460839 | N8: 68.666667 | O8: 68.873214 | P8: 68.936607 | Q8: 68.817614 | R8: 68.720588 | S8: 68.833333 | T8: 68.857143 | U8: 68.8875 | V8: 68.913889 | W8: 69 | X8: 69.185417 | Y8: 69.24881 | Z8: 69.290278 | AA8: 69.472982 | AB8: 69.498 | AC8: 69.5 | AD8: 69.5 | AE8: 69.521429 | AF8: 69.621591
A9: 12.6517 | B9: 68.472982 | C9: 68.466154 | D9: 68.472982 | E9: 68.472982 | F9: 68.466154 | G9: 68.497368 | H9: 68.357143 | I9: 68.346377 | J9: 68 | K9: 67.8875 | L9: 68.111111 | M9: 68.153462 | N9: 68.398889 | O9: 68.6875 | P9: 69 | Q9: 69.065882 | R9: 69.090909 | S9: 69.330769 | T9: 69.666667 | U9: 69.443478 | V9: 69.5 | W9: 69.521429 | X9: 69.666667 | Y9: 69.678667 | Z9: 69.691827 | AA9: 69.691827 | AB9: 69.764426 | AC9: 69.785404 | AD9: 69.888 | AE9: 69.888 | AF9: 69.888
A10: 13.1833 | B10: 68.5 | C10: 68.472982 | D10: 68.497368 | E10: 68.619048 | F10: 68.772727 | G10: 68.833333 | H10: 68.833333 | I10: 68.841228 | J10: 68.833333 | K10: 68.466154 | L10: 68.526471 | M10: 68.496154 | N10: 68.642857 | O10: 68.923077 | P10: 68.6875 | Q10: 69 | R10: 69.153846 | S10: 69.926623 | T10: 70 | U10: 70.198182 | V10: 70.271542 | W10: 70.248529 | X10: 70 | Y10: 69.888 | Z10: 70 | AA10: 70 | AB10: 70 | AC10: 70.070168 | AD10: 70.070168 | AE10: 70.070168 | AF10: 70.071429
A11: 13.715 | B11: 69.46375 | C11: 70.701961 | D11: 70.843357 | E11: 70.903896 | F11: 70.903896 | G11: 70.856044 | H11: 70.903896 | I11: 70.856044 | J11: 70.856044 | K11: 70.996296 | L11: 71.333333 | M11: 71.1225 | N11: 71.285714 | O11: 71.466667 | P11: 71.5 | Q11: 71.93375 | R11: 71.64011 | S11: 71.5 | T11: 71.961037 | U11: 71.961037 | V11: 72.165789 | W11: 72.344872 | X11: 72.333333 | Y11: 72.282143 | Z11: 72.282143 | AA11: 71.8975 | AB11: 71.576608 | AC11: 71.61 | AD11: 71.61 | AE11: 71.61 | AF11: 71.61
A12: 14.2467 | B12: 78.496667 | C12: 78.464444 | D12: 78.496667 | E12: 78.464444 | F12: 78.442105 | G12: 78.496667 | H12: 78.496667 | I12: 78.442105 | J12: 78.412281 | K12: 78.442105 | L12: 80.746429 | M12: 80.894615 | N12: 81.053846 | O12: 80.923077 | P12: 78.126482 | Q12: 78.218182 | R12: 76.141071 | S12: 76.747727 | T12: 78 | U12: 77.108333 | V12: 75.154105 | W12: 75.554545 | X12: 75.52409 | Y12: 75.54385 | Z12: 75.763235 | AA12: 75.763235 | AB12: 75.828571 | AC12: 75.763235 | AD12: 75.316571 | AE12: 75.152105 | AF12: 75.152105
A13: 14.7783 | B13: 82.569286 | C13: 82.569286 | D13: 82.540909 | E13: 82.569286 | F13: 82.571429 | G13: 82.568831 | H13: 82.568831 | I13: 82.612179 | J13: 83.5 | K13: 83.461538 | L13: 83.460839 | M13: 83.589583 | N13: 83.58125 | O13: 83.817614 | P13: 83.461538 | Q13: 83.333333 | R13: 82.099091 | S13: 81.73538 | T13: 82.141905 | U13: 82 | V13: 82.613846 | W13: 82.795 | X13: 81.866667 | Y13: 80.492857 | Z13: 80.492857 | AA13: 80.405 | AB13: 80.405 | AC13: 80.405 | AD13: 80.405 | AE13: 80.405 | AF13: 80.405
... A32: 24.88 | B32: 88.55 | C32: 88.636364 | D32: 88.642208 | E32: 88.721429 | F32: 88.726768 | G32: 88.721429 | H32: 88.726768 | I32: 88.714286 | J32: 88.776923 | K32: 88.769231 | L32: 88.898 | M32: 88.995 | N32: 89.181818 | O32: 89.3875 | P32: 89.415909 | Q32: 89.373864 | R32: 89.632727 | S32: 90.291979 | T32: 90.277273 | U32: 90.642857 | V32: 90.777778 | W32: 90.789474 | X32: 90.846154 | Y32: 90.841228 | Z32: 90.875 | AA32: 93.470196 | AB32: 94.264 | AC32: 94.445 | AD32: 94.52381 | AE32: 101.31202 | AF32: 101.62039

Sheet RF_R90_mean
A1: FeO \ Fe | B1: 37.3072 | C1: 37.973 | D1: 38.6387 | E1: 39.3045 | F1: 39.9702 | G1: 40.636 | H1: 41.3018 | I1: 41.9675 | J1: 42.6333 | K1: 43.299 | L1: 43.9648 | M1: 44.6306 | N1: 45.2963 | O1: 45.9621 | P1: 46.6278 | Q1: 47.2936 | R1: 47.9594 | S1: 48.6251 | T1: 49.2909 | U1: 49.9566 | V1: 50.6224 | W1: 51.2882 | X1: 51.9539 | Y1: 52.6197 | Z1: 53.2854 | AA1: 53.9512 | AB1: 54.617 | AC1: 55.2827 | AD1: 55.9485 | AE1: 56.6142 | AF1: 57.28
A2: 8.93 | B2: 69.792857 | C2: 69.792857 | D2: 69.804762 | E2: 69.833333 | F2: 69.84413 | G2: 69.932184 | H2: 70.045549 | I2: 70.181818 | J2: 70.296703 | K2: 70.333333 | L2: 70.452273 | M2: 70.875 | N2: 71.125 | O2: 71.352941 | P2: 71.395652 | Q2: 71.388889 | R2: 71.303846 | S2: 71.5 | T2: 71.570724 | U2: 71.644958 | V2: 71.763889 | W2: 71.781746 | X2: 71.781746 | Y2: 71.781746 | Z2: 71.734604 | AA2: 71.734604 | AB2: 71.734604 | AC2: 71.75 | AD2: 71.734604 | AE2: 71.734604 | AF2: 71.734604
A3: 9.4617 | B3: 69.768717 | C3: 69.736842 | D3: 69.75 | E3: 69.777668 | F3: 69.773657 | G3: 69.828431 | H3: 69.896825 | I3: 70.090909 | J3: 70.231283 | K3: 70.264912 | L3: 70.4 | M3: 70.75 | N3: 71 | O3: 71.228758 | P3: 71.281746 | Q3: 71.275253 | R3: 71.226496 | S3: 71.395652 | T3: 71.5 | U3: 71.538462 | V3: 71.604348 | W3: 71.609903 | X3: 71.615385 | Y3: 71.609903 | Z3: 71.609903 | AA3: 71.609903 | AB3: 71.702941 | AC3: 72.633971 | AD3: 72.75 | AE3: 72.75 | AF3: 72.757353
A4: 9.9933 | B4: 69.875 | C4: 69.866071 | D4: 69.857143 | E4: 69.763305 | F4: 69.716578 | G4: 69.730303 | H4: 69.837719 | I4: 69.933333 | J4: 70.047619 | K4: 70.212406 | L4: 70.333333 | M4: 70.705882 | N4: 70.866667 | O4: 71.129167 | P4: 71.196154 | Q4: 71.160256 | R4: 71.133333 | S4: 71.303846 | T4: 71.4 | U4: 71.458042 | V4: 71.538462 | W4: 71.538462 | X4: 71.857143 | Y4: 72.455769 | Z4: 72.617216 | AA4: 72.633971 | AB4: 72.633971 | AC4: 72.633971 | AD4: 72.63961 | AE4: 72.644958 | AF4: 72.617216
A5: 10.525 | B5: 69.472136 | C5: 69.538462 | D5: 69.545455 | E5: 69.820856 | F5: 69.823529 | G5: 69.811012 | H5: 69.692308 | I5: 69.811012 | J5: 69.888889 | K5: 70 | L5: 70.25 | M5: 70.605556 | N5: 70.692308 | O5: 70.870833 | P5: 71 | Q5: 70.981481 | R5: 70.950957 | S5: 71.172619 | T5: 71.466667 | U5: 72.184659 | V5: 72.333333 | W5: 72.348077 | X5: 72.348077 | Y5: 72.348077 | Z5: 72.379863 | AA5: 72.379863 | AB5: 72.379863 | AC5: 72.391304 | AD5: 72.391304 | AE5: 72.379863 | AF5: 72.333333
A6: 11.0567 | B6: 70.311741 | C6: 70.13961 | D6: 70 | E6: 69.571429 | F6: 69.660256 | G6: 69.828431 | H6: 69.896825 | I6: 70 | J6: 70.087121 | K6: 70 | L6: 70.153846 | M6: 70.696154 | N6: 70.816527 | O6: 71.115132 | P6: 71.204167 | Q6: 72.025 | R6: 72.052778 | S6: 72.281746 | T6: 72.4 | U6: 72.491379 | V6: 72.644958 | W6: 72.648529 | X6: 72.644958 | Y6: 72.648529 | Z6: 72.644958 | AA6: 72.644958 | AB6: 72.61204 | AC6: 72.575188 | AD6: 72.568323 | AE6: 73.042572 | AF6: 73.074176
A7: 11.5883 | B7: 81.933333 | C7: 72.899749 | D7: 72.320513 | E7: 70.545455 | F7: 70.428571 | G7: 70 | H7: 69.75 | I7: 69.9375 | J7: 70.142857 | K7: 70.390476 | L7: 70.705882 | M7: 71.322917 | N7: 72.333333 | O7: 72.514706 | P7: 72.5 | Q7: 72.5 | R7: 72.357143 | S7: 72.733333 | T7: 72.8625 | U7: 73 | V7: 73.148352 | W7: 73.142857 | X7: 73.058824 | Y7: 73.044466 | Z7: 73.044466 | AA7: 73.5 | AB7: 73.567251 | AC7: 73.666667 | AD7: 73.735088 | AE7: 74 | AF7: 74.054094
A8: 12.12 | B8: 82.753036 | C8: 82.753036 | D8: 82.654762 | E8: 80.088942 | F8: 73.936594 | G8: 71.707386 | H8: 71.240385 | I8: 71.285714 | J8: 70.689904 | K8: 71.352941 | L8: 72.064583 | M8: 72.930952 | N8: 73.470175 | O8: 73.925824 | P8: 73.885621 | Q8: 73.222222 | R8: 72.93797 | S8: 73.218254 | T8: 73.452083 | U8: 73.47619 | V8: 73.615385 | W8: 73.688259 | X8: 74.091667 | Y8: 74.233032 | Z8: 74.4375 | AA8: 74.75 | AB8: 74.795833 | AC8: 74.927083 | AD8: 75.085145 | AE8: 75.102632 | AF8: 75.375
A9: 12.6517 | B9: 82.777778 | C9: 82.777778 | D9: 82.63961 | E9: 82.41886 | F9: 82.408333 | G9: 82.279221 | H9: 76.262443 | I9: 75.281746 | J9: 73.166667 | K9: 72.902381 | L9: 73.138095 | M9: 72.6 | N9: 72.856818 | O9: 73.405882 | P9: 73.578947 | Q9: 73.5 | R9: 73.400327 | S9: 73.673333 | T9: 74.25 | U9: 74 | V9: 74.363971 | W9: 74.474937 | X9: 74.78869 | Y9: 74.85 | Z9: 75.102632 | AA9: 75.111111 | AB9: 75.345238 | AC9: 75.41886 | AD9: 76.215385 | AE9: 76.258242 | AF9: 76.258242
A10: 13.1833 | B10: 83.091912 | C10: 83.091912 | D10: 82.88986 | E10: 82.773504 | F10: 82.788889 | G10: 82.753036 | H10: 82.585227 | I10: 82.494949 | J10: 82.059649 | K10: 76.4699 | L10: 76.219551 | M10: 73.780193 | N10: 73.8125 | O10: 73.928571 | P10: 73.343137 | Q10: 73.615385 | R10: 73.47619 | S10: 74.205263 | T10: 74.848077 | U10: 75.310096 | V10: 75.656863 | W10: 75.79057 | X10: 75.559028 | Y10: 75.773504 | Z10: 76.433036 | AA10: 76.577381 | AB10: 76.577381 | AC10: 76.846053 | AD10: 76.897368 | AE10: 76.9 | AF10: 76.96875
A11: 13.715 | B11: 85.275253 | C11: 85.333333 | D11: 85.333333 | E11: 85.285948 | F11: 85.179144 | G11: 85.179144 | H11: 85 | I11: 84.940972 | J11: 84.897368 | K11: 84.888545 | L11: 84.795833 | M11: 81.256579 | N11: 80.666667 | O11: 79.5 | P11: 78.755952 | Q11: 78.720779 | R11: 78.275253 | S11: 77.935417 | T11: 78.535897 | U11: 78.766968 | V11: 79.5 | W11: 80.454545 | X11: 80.666667 | Y11: 80.677083 | Z11: 80.930288 | AA11: 80.904545 | AB11: 80.909091 | AC11: 81 | AD11: 81.149306 | AE11: 81.149306 | AF11: 81.200893
A12: 14.2467 | B12: 87.87451 | C12: 88.078704 | D12: 88.072751 | E12: 88.105556 | F12: 88.247475 | G12: 88.307692 | H12: 88.188988 | I12: 88.071429 | J12: 88.021739 | K12: 87.785714 | L12: 87.891813 | M12: 88.078704 | N12: 88 | O12: 88 | P12: 84.285714 | Q12: 84.339744 | R12: 83.538462 | S12: 83.723636 | T12: 84.820856 | U12: 85.568323 | V12: 86.083916 | W12: 86.550505 | X12: 86.630682 | Y12: 86.674242 | Z12: 86.870833 | AA12: 87.020833 | AB12: 87.057566 | AC12: 87.071429 | AD12: 87.080128 | AE12: 87.142857 | AF12: 87.167832
A13: 14.7783 | B13: 89.576974 | C13: 89.461538 | D13: 89.158333 | E13: 89.301994 | F13: 89.416409 | G13: 89.647727 | H13: 89.900966 | I13: 89.952273 | J13: 90 | K13: 89.636364 | L13: 89.537433 | M13: 89.545455 | N13: 89.267943 | O13: 89.537433 | P13: 89.442222 | Q13: 89.2 | R13: 87.643529 | S13: 86.636364 | T13: 86.666667 | U13: 87.020833 | V13: 88.689904 | W13: 89.333333 | X13: 89.656863 | Y13: 89.333333 | Z13: 89.428571 | AA13: 89.718421 | AB13: 89.891813 | AC13: 89.9375 | AD13: 89.9375 | AE13: 89.939338 | AF13: 89.94281
... A32: 24.88 | B32: 93.729532 | C32: 93.666667 | D32: 93.559028 | E32: 93.511905 | F32: 93.52381 | G32: 93.486842 | H32: 93.5 | I32: 93.486842 | J32: 93.630682 | K32: 93.544231 | L32: 93.615385 | M32: 93.620192 | N32: 94.272727 | O32: 94.468627 | P32: 94.834842 | Q32: 94.919872 | R32: 95.179144 | S32: 96.256579 | T32: 96.264912 | U32: 96.869318 | V32: 96.906926 | W32: 96.902381 | X32: 97.080128 | Y32: 97.080128 | Z32: 97.39819 | AA32: 103 | AB32: 103.73901 | AC32: 104.38462 | AD32: 104.77951 | AE32: 106.6 | AF32: 106.77778

Sheet RF_R90_p90
A1: FeO \ Fe | B1: 37.3072 | C1: 37.973 | D1: 38.6387 | E1: 39.3045 | F1: 39.9702 | G1: 40.636 | H1: 41.3018 | I1: 41.9675 | J1: 42.6333 | K1: 43.299 | L1: 43.9648 | M1: 44.6306 | N1: 45.2963 | O1: 45.9621 | P1: 46.6278 | Q1: 47.2936 | R1: 47.9594 | S1: 48.6251 | T1: 49.2909 | U1: 49.9566 | V1: 50.6224 | W1: 51.2882 | X1: 51.9539 | Y1: 52.6197 | Z1: 53.2854 | AA1: 53.9512 | AB1: 54.617 | AC1: 55.2827 | AD1: 55.9485 | AE1: 56.6142 | AF1: 57.28
A2: 8.93 | B2: 74.529804 | C2: 74.502941 | D2: 74.502941 | E2: 74.535556 | F2: 74.529804 | G2: 74.651667 | H2: 74.870476 | I2: 75.414519 | J2: 76.4 | K2: 76.358929 | L2: 76.417105 | M2: 77 | N2: 77.182386 | O2: 77.522899 | P2: 77.56625 | Q2: 77.535556 | R2: 77.308173 | S2: 77.555556 | T2: 78.153846 | U2: 78.601111 | V2: 80.647321 | W2: 81.055556 | X2: 81.055556 | Y2: 81.055556 | Z2: 81.559091 | AA2: 81.611818 | AB2: 81.611818 | AC2: 81.611818 | AD2: 81.611818 | AE2: 81.611818 | AF2: 81.611818
A3: 9.4617 | B3: 74.502941 | C3: 74.317544 | D3: 74.277033 | E3: 74.3375 | F3: 74.317544 | G3: 74.387821 | H3: 74.529804 | I3: 75.101111 | J3: 76 | K3: 76.231222 | L3: 76.417105 | M3: 76.643277 | N3: 76.947059 | O3: 77.28 | P3: 77.307692 | Q3: 77.28 | R3: 77 | S3: 77.300769 | T3: 77.900476 | U3: 78.455245 | V3: 80.540756 | W3: 80.775 | X3: 80.775 | Y3: 80.775 | Z3: 81.055556 | AA3: 81.559091 | AB3: 81.559091 | AC3: 81.631818 | AD3: 81.631818 | AE3: 81.631818 | AF3: 81.631818
A4: 9.9933 | B4: 75.201429 | C4: 75.201429 | D4: 75.358271 | E4: 74.387821 | F4: 74.16875 | G4: 74.187798 | H4: 74.3375 | I4: 74.78 | J4: 75.134286 | K4: 75.847368 | L4: 76.303333 | M4: 76.504167 | N4: 76.733333 | O4: 77.166667 | P4: 77.182386 | Q4: 77.047619 | R4: 76.71619 | S4: 77.1125 | T4: 77.875 | U4: 78.431169 | V4: 80.540756 | W4: 80.775 | X4: 80.775 | Y4: 81.248413 | Z4: 81.559091 | AA4: 81.631818 | AB4: 81.631818 | AC4: 81.631818 | AD4: 81.631818 | AE4: 81.631818 | AF4: 81.631818
A5: 10.525 | B5: 74.134058 | C5: 74.585 | D5: 74.5 | E5: 74.95 | F5: 75.071978 | G5: 75.217857 | H5: 74.210902 | I5: 74.529804 | J5: 74.905952 | K5: 74.930159 | L5: 76.052857 | M5: 76.401667 | N5: 76.375962 | O5: 76.775641 | P5: 76.87375 | Q5: 76.714286 | R5: 76.2925 | S5: 76.833333 | T5: 77.847253 | U5: 78.581053 | V5: 80.69375 | W5: 81.248413 | X5: 81.248413 | Y5: 81.248413 | Z5: 81.559091 | AA5: 81.631818 | AB5: 81.631818 | AC5: 81.631818 | AD5: 81.631818 | AE5: 81.631818 | AF5: 81.631818
A6: 11.0567 | B6: 81.39 | C6: 80.429193 | D6: 78.818182 | E6: 75.063942 | F6: 75.385284 | G6: 75.550909 | H6: 75.75 | I6: 76.450833 | J6: 76.75625 | K6: 76.074286 | L6: 76.1025 | M6: 77.004348 | N6: 77.190303 | O6: 77.304682 | P6: 77.364773 | Q6: 77.68447 | R6: 77.6 | S6: 77.756818 | T6: 78.581053 | U6: 79.861538 | V6: 83.26866 | W6: 84.021429 | X6: 84.216387 | Y6: 84.216387 | Z6: 84.245098 | AA6: 84.402857 | AB6: 84.402857 | AC6: 84.402857 | AD6: 84.402857 | AE6: 84.852448 | AF6: 84.852448
A7: 11.5883 | B7: 94 | C7: 87.8675 | D7: 86.952059 | E7: 81.66875 | F7: 81.313765 | G7: 78.715584 | H7: 77.539161 | I7: 78.157895 | J7: 78.189803 | K7: 78.201053 | L7: 78.230769 | M7: 78.312829 | N7: 78.52437 | O7: 78.540171 | P7: 78.478571 | Q7: 78.620513 | R7: 78.548804 | S7: 78.75 | T7: 80.174 | U7: 82.305294 | V7: 85.57218 | W7: 85.931169 | X7: 85.959091 | Y7: 85.959091 | Z7: 86.004 | AA7: 86.589412 | AB7: 86.589412 | AC7: 86.6025 | AD7: 86.633929 | AE7: 87.183636 | AF7: 87.44375
A8: 12.12 | B8: 93.762637 | C8: 93.90961 | D8: 93.774126 | E8: 92.924103 | F8: 87.574286 | G8: 84.18875 | H8: 82.310256 | I8: 82.333333 | J8: 80.529412 | K8: 79.73913 | L8: 79.740217 | M8: 79.633127 | N8: 79.653623 | O8: 79.64757 | P8: 79.643277 | Q8: 79.572619 | R8: 79.827273 | S8: 80.047857 | T8: 81.672727 | U8: 83.364706 | V8: 86.432381 | W8: 87.183636 | X8: 87.44375 | Y8: 87.44375 | Z8: 87.561538 | AA8: 87.909486 | AB8: 88.013333 | AC8: 88.598162 | AD8: 89.005263 | AE8: 89.205 | AF8: 90.006667
A9: 12.6517 | B9: 93.952632 | C9: 93.822078 | D9: 93.589412 | E9: 93.573109 | F9: 93.481316 | G9: 93.375 | H9: 88.071429 | I9: 86.699123 | J9: 83.288961 | K9: 82.552448 | L9: 82.407368 | M9: 80.471355 | N9: 80.047857 | O9: 80.047857 | P9: 79.947632 | Q9: 79.912919 | R9: 80 | S9: 80.473529 | T9: 82.695804 | U9: 84.366857 | V9: 86.633929 | W9: 87.505 | X9: 87.885027 | Y9: 87.913406 | Z9: 88.924103 | AA9: 89.005263 | AB9: 89.900909 | AC9: 90 | AD9: 92.287912 | AE9: 92.308173 | AF9: 92.592929
A10: 13.1833 | B10: 94.538333 | C10: 94.255435 | D10: 93.774126 | E10: 93.818182 | F10: 93.601111 | G10: 93.333333 | H10: 93.481316 | I10: 93.66875 | J10: 93.819697 | K10: 87.31875 | L10: 86.611538 | M10: 83.3375 | N10: 83.005882 | O10: 82.682867 | P10: 81 | Q10: 81.584091 | R10: 81.583333 | S10: 82 | T10: 83.965385 | U10: 85.641148 | V10: 87.913406 | W10: 89.342857 | X10: 89.61 | Y10: 90.476923 | Z10: 92 | AA10: 92.811905 | AB10: 93.005556 | AC10: 93.440417 | AD10: 93.47 | AE10: 93.47 | AF10: 93.575155
A11: 13.715 | B11: 94.125 | C11: 94.255435 | D11: 94.5 | E11: 94.310277 | F11: 94.310277 | G11: 94 | H11: 93.75119 | I11: 93.454545 | J11: 94.522899 | K11: 94.087281 | L11: 94.458333 | M11: 89.253571 | N11: 88 | O11: 86.166667 | P11: 85.458654 | Q11: 85.438194 | R11: 85.23808 | S11: 85.071978 | T11: 86.890909 | U11: 87.89 | V11: 91.005263 | W11: 92.71978 | X11: 93.111111 | Y11: 93.115909 | Z11: 93.47 | AA11: 93.739161 | AB11: 93.847253 | AC11: 94 | AD11: 94.005882 | AE11: 94.062032 | AF11: 94.167647
A12: 14.2467 | B12: 94.738158 | C12: 95.002941 | D12: 95.101538 | E12: 95.314583 | F12: 95.883333 | G12: 96.278788 | H12: 96.062917 | I12: 95.785714 | J12: 96.401667 | K12: 96.401667 | L12: 96.39 | M12: 96.622596 | N12: 96.811905 | O12: 97.3775 | P12: 91.503846 | Q12: 91.600714 | R12: 90.715079 | S12: 90.252273 | T12: 90.9 | U12: 93.182386 | V12: 94.601538 | W12: 95.048739 | X12: 95.384615 | Y12: 95.137013 | Z12: 95.384615 | AA12: 95.800952 | AB12: 95.815686 | AC12: 95.82451 | AD12: 95.833333 | AE12: 95.936672 | AF12: 96
A13: 14.7783 | B13: 97.71619 | C13: 97.386154 | D13: 96.158462 | E13: 96.625 | F13: 96.687981 | G13: 97.142857 | H13: 97.736923 | I13: 98 | J13: 98.8 | K13: 98.415 | L13: 98.804615 | M13: 99.004545 | N13: 98.4 | O13: 99.626136 | P13: 99.892 | Q13: 99.836667 | R13: 97.643277 | S13: 96.287143 | T13: 95.118004 | U13: 94.081579 | V13: 95.715584 | W13: 96 | X13: 96.144361 | Y13: 96 | Z13: 96.063393 | AA13: 96.82303 | AB13: 96.957143 | AC13: 97 | AD13: 97.005263 | AE13: 97.052924 | AF13: 97.052924
... A32: 24.88 | B32: 100.27 | C32: 100.30158 | D32: 100.30158 | E32: 100.46205 | F32: 100.50333 | G32: 100.5 | H32: 100.5 | I32: 100.54231 | J32: 100.75833 | K32: 100.71786 | L32: 100.87231 | M32: 100.95024 | N32: 102.37727 | O32: 103.11429 | P32: 103.91152 | Q32: 104.25357 | R32: 104.60667 | S32: 106.35989 | T32: 106.50263 | U32: 106.94706 | V32: 107.1 | W32: 107.15 | X32: 107.15 | Y32: 107.15 | Z32: 107.00588 | AA32: 107.88889 | AB32: 107.8755 | AC32: 108.25227 | AD32: 108.33333 | AE32: 109.06714 | AF32: 109.30077

Sheet XGB_R10_p10
A1: FeO \ Fe | B1: 37.3072 | C1: 37.973 | D1: 38.6387 | E1: 39.3045 | F1: 39.9702 | G1: 40.636 | H1: 41.3018 | I1: 41.9675 | J1: 42.6333 | K1: 43.299 | L1: 43.9648 | M1: 44.6306 | N1: 45.2963 | O1: 45.9621 | P1: 46.6278 | Q1: 47.2936 | R1: 47.9594 | S1: 48.6251 | T1: 49.2909 | U1: 49.9566 | V1: 50.6224 | W1: 51.2882 | X1: 51.9539 | Y1: 52.6197 | Z1: 53.2854 | AA1: 53.9512 | AB1: 54.617 | AC1: 55.2827 | AD1: 55.9485 | AE1: 56.6142 | AF1: 57.28
A2: 8.93 | B2: 70.485435 | C2: 70.491676 | D2: 70.693626 | E2: 70.243736 | F2: 72.670845 | G2: 72.787331 | H2: 73.41922 | I2: 73.812035 | J2: 73.635941 | K2: 72.616615 | L2: 71.875443 | M2: 73.851631 | N2: 73.907066 | O2: 74.538353 | P2: 74.791664 | Q2: 74.484749 | R2: 73.067177 | S2: 73.681374 | T2: 73.509109 | U2: 73.056442 | V2: 73.057068 | W2: 71.433182 | X2: 71.232468 | Y2: 70.804817 | Z2: 70.683212 | AA2: 71.193115 | AB2: 71.091103 | AC2: 71.108223 | AD2: 71.11998 | AE2: 70.965866 | AF2: 71.275826
A3: 9.4617 | B3: 70.570587 | C3: 70.071526 | D3: 70.540627 | E3: 70.976784 | F3: 72.268265 | G3: 72.825737 | H3: 72.817253 | I3: 73.454987 | J3: 72.736977 | K3: 73.003677 | L3: 72.389534 | M3: 73.024132 | N3: 73.940331 | O3: 74.571617 | P3: 74.824921 | Q3: 74.515869 | R3: 73.131416 | S3: 73.726807 | T3: 73.560059 | U3: 73.123871 | V3: 73.093742 | W3: 71.467346 | X3: 71.266632 | Y3: 70.838982 | Z3: 70.717377 | AA3: 71.22728 | AB3: 71.149567 | AC3: 73.042595 | AD3: 73.035042 | AE3: 72.88739 | AF3: 73.235146
A4: 9.9933 | B4: 69.895485 | C4: 71.194298 | D4: 70.654472 | E4: 70.761551 | F4: 72.527466 | G4: 72.268265 | H4: 72.831276 | I4: 72.89109 | J4: 72.06855 | K4: 72.115021 | L4: 72.627365 | M4: 72.977524 | N4: 72.964851 | O4: 74.599197 | P4: 74.824921 | Q4: 74.515869 | R4: 73.131416 | S4: 73.726807 | T4: 73.560059 | U4: 73.123871 | V4: 73.093742 | W4: 71.502495 | X4: 71.272026 | Y4: 72.736099 | Z4: 72.640808 | AA4: 73.134163 | AB4: 73.069252 | AC4: 73.086372 | AD4: 73.078819 | AE4: 72.975845 | AF4: 73.279823
A5: 10.525 | B5: 69.889221 | C5: 68.889832 | D5: 69.416977 | E5: 70.54557 | F5: 72.936661 | G5: 72.962334 | H5: 72.754517 | I5: 72.552391 | J5: 71.605659 | K5: 71.496468 | L5: 72.846207 | M5: 73.406586 | N5: 72.727142 | O5: 74.261276 | P5: 74.873184 | Q5: 74.536552 | R5: 73.187859 | S5: 73.74749 | T5: 73.580742 | U5: 75.033325 | V5: 74.836708 | W5: 73.415123 | X5: 73.234207 | Y5: 72.813629 | Z5: 72.706268 | AA5: 73.225395 | AB5: 73.118309 | AC5: 73.093185 | AD5: 73.090263 | AE5: 72.977829 | AF5: 73.27639
A6: 11.0567 | B6: 71.559242 | C6: 70.370338 | D6: 69.149025 | E6: 69.039307 | F6: 71.513992 | G6: 71.689026 | H6: 72.383308 | I6: 72.74028 | J6: 71.709534 | K6: 71.013939 | L6: 71.22699 | M6: 73.665253 | N6: 73.272049 | O6: 73.921806 | P6: 74.793762 | Q6: 76.53376 | R6: 75.20826 | S6: 75.751045 | T6: 75.673141 | U6: 75.271545 | V6: 75.088608 | W6: 73.57502 | X6: 73.316704 | Y6: 72.85318 | Z6: 72.728981 | AA6: 73.261818 | AB6: 73.121407 | AC6: 73.138527 | AD6: 73.155205 | AE6: 72.985809 | AF6: 73.101387
A7: 11.5883 | B7: 77.825874 | C7: 74.682266 | D7: 72.905457 | E7: 69.956696 | F7: 72.413849 | G7: 71.672188 | H7: 71.389191 | I7: 70.570091 | J7: 69.602509 | K7: 70.1073 | L7: 71.089218 | M7: 73.098206 | N7: 76.153885 | O7: 76.300133 | P7: 76.160118 | Q7: 76.43425 | R7: 75.218063 | S7: 75.756729 | T7: 75.635048 | U7: 75.186119 | V7: 75.020058 | W7: 73.429047 | X7: 73.180115 | Y7: 72.758835 | Z7: 72.649368 | AA7: 73.1567 | AB7: 72.837105 | AC7: 72.958855 | AD7: 73.038078 | AE7: 74.052391 | AF7: 74.305496
A8: 12.12 | B8: 75.210472 | C8: 78.039917 | D8: 78.002266 | E8: 75.803993 | F8: 75.21048 | G8: 71.965874 | H8: 72.300331 | I8: 72.164047 | J8: 68.204025 | K8: 69.980453 | L8: 70.506294 | M8: 72.506836 | N8: 74.079796 | O8: 76.38884 | P8: 76.684128 | Q8: 75.825142 | R8: 75.014969 | S8: 75.545364 | T8: 75.314308 | U8: 74.823105 | V8: 74.72364 | W8: 72.919052 | X8: 72.726997 | Y8: 72.12439 | Z8: 72.148445 | AA8: 73.83094 | AB8: 73.650436 | AC8: 73.724777 | AD8: 73.452316 | AE8: 73.152016 | AF8: 73.602882
A9: 12.6517 | B9: 76.200302 | C9: 75.430946 | D9: 77.200195 | E9: 77.208443 | F9: 78.71888 | G9: 78.730202 | H9: 76.612236 | I9: 76.251205 | J9: 71.424408 | K9: 69.542816 | L9: 70.502762 | M9: 71.198753 | N9: 71.194389 | O9: 73.936302 | P9: 74.897324 | Q9: 74.48465 | R9: 72.951027 | S9: 75.543419 | T9: 74.878868 | U9: 73.954971 | V9: 73.968979 | W9: 72.262909 | X9: 73.24482 | Y9: 72.736328 | Z9: 72.64286 | AA9: 72.641014 | AB9: 72.646698 | AC9: 72.682564 | AD9: 74.760597 | AE9: 74.713745 | AF9: 74.881195
A10: 13.1833 | B10: 77.252266 | C10: 76.460777 | D10: 76.121117 | E10: 77.522995 | F10: 80.264511 | G10: 79.114578 | H10: 80.067085 | I10: 79.468979 | J10: 77.870789 | K10: 73.056931 | L10: 72.414536 | M10: 71.606682 | N10: 71.475021 | O10: 73.274429 | P10: 74.611115 | Q10: 73.725365 | R10: 70.448624 | S10: 72.746796 | T10: 74.389687 | U10: 75.467079 | V10: 75.953339 | W10: 73.845337 | X10: 72.771736 | Y10: 72.205063 | Z10: 72.589165 | AA10: 74.635643 | AB10: 74.477509 | AC10: 74.601746 | AD10: 75.082703 | AE10: 74.77858 | AF10: 75.375397
A11: 13.715 | B11: 79.617737 | C11: 81.080521 | D11: 81.145866 | E11: 80.472954 | F11: 83.292923 | G11: 82.696701 | H11: 81.551697 | I11: 81.200302 | J11: 79.597168 | K11: 79.37336 | L11: 78.663948 | M11: 77.199203 | N11: 76.660568 | O11: 74.863869 | P11: 76.618484 | Q11: 76.893356 | R11: 75.013489 | S11: 74.670105 | T11: 75.609818 | U11: 76.025345 | V11: 76.13382 | W11: 75.142433 | X11: 76.50312 | Y11: 76.406174 | Z11: 76.691696 | AA11: 76.514511 | AB11: 76.183678 | AC11: 76.516899 | AD11: 77.073853 | AE11: 76.838921 | AF11: 76.834663
A12: 14.2467 | B12: 82.346886 | C12: 83.598969 | D12: 83.189682 | E12: 83.522766 | F12: 86.272865 | G12: 86.188416 | H12: 85.594421 | I12: 84.181793 | J12: 82.423149 | K12: 80.483124 | L12: 80.409508 | M12: 81.519096 | N12: 82.061729 | O12: 84.984467 | P12: 82.940643 | Q12: 82.123016 | R12: 77.398582 | S12: 77.539162 | T12: 77.21434 | U12: 80.605354 | V12: 80.585663 | W12: 79.248993 | X12: 78.441811 | Y12: 78.184174 | Z12: 78.408936 | AA12: 79.699623 | AB12: 79.777802 | AC12: 79.64592 | AD12: 79.42009 | AE12: 79.879555 | AF12: 80.096954
A13: 14.7783 | B13: 84.959969 | C13: 85.198242 | D13: 84.452271 | E13: 85.247513 | F13: 87.286209 | G13: 87.998444 | H13: 88.122894 | I13: 87.611588 | J13: 85.698799 | K13: 83.008759 | L13: 82.50071 | M13: 85.86821 | N13: 84.052101 | O13: 85.425591 | P13: 86.765717 | Q13: 86.577278 | R13: 84.816582 | S13: 83.112938 | T13: 81.669769 | U13: 80.675964 | V13: 83.187164 | W13: 81.367607 | X13: 81.44339 | Y13: 80.532944 | Z13: 80.329781 | AA13: 80.800713 | AB13: 81.620422 | AC13: 81.823845 | AD13: 82.334923 | AE13: 82.721786 | AF13: 82.845001
... A32: 24.88 | B32: 89.107628 | C32: 88.635796 | D32: 88.431625 | E32: 88.444885 | F32: 90.233833 | G32: 90.233833 | H32: 90.252892 | I32: 89.958038 | J32: 89.112526 | K32: 88.557266 | L32: 88.059509 | M32: 88.642258 | N32: 87.06424 | O32: 87.613174 | P32: 88.365585 | Q32: 87.605888 | R32: 86.479767 | S32: 88.241714 | T32: 87.287102 | U32: 87.482933 | V32: 89.60453 | W32: 88.86866 | X32: 88.030273 | Y32: 88.225945 | Z32: 88.408958 | AA32: 90.771248 | AB32: 93.083199 | AC32: 93.138176 | AD32: 94.330811 | AE32: 97.673233 | AF32: 97.673233

Sheet XGB_R10_mean
A1: FeO \ Fe | B1: 37.3072 | C1: 37.973 | D1: 38.6387 | E1: 39.3045 | F1: 39.9702 | G1: 40.636 | H1: 41.3018 | I1: 41.9675 | J1: 42.6333 | K1: 43.299 | L1: 43.9648 | M1: 44.6306 | N1: 45.2963 | O1: 45.9621 | P1: 46.6278 | Q1: 47.2936 | R1: 47.9594 | S1: 48.6251 | T1: 49.2909 | U1: 49.9566 | V1: 50.6224 | W1: 51.2882 | X1: 51.9539 | Y1: 52.6197 | Z1: 53.2854 | AA1: 53.9512 | AB1: 54.617 | AC1: 55.2827 | AD1: 55.9485 | AE1: 56.6142 | AF1: 57.28
A2: 8.93 | B2: 70.660141 | C2: 70.622231 | D2: 70.982681 | E2: 70.571182 | F2: 73.309669 | G2: 73.637207 | H2: 74.343765 | I2: 74.577568 | J2: 74.368034 | K2: 72.793335 | L2: 72.36174 | M2: 74.393723 | N2: 74.178879 | O2: 75.041367 | P2: 75.398132 | Q2: 75.054962 | R2: 73.320465 | S2: 73.968643 | T2: 73.718773 | U2: 73.302338 | V2: 73.237915 | W2: 71.904922 | X2: 71.768784 | Y2: 71.590546 | Z2: 71.503799 | AA2: 71.681053 | AB2: 71.621422 | AC2: 71.621422 | AD2: 71.607666 | AE2: 71.548447 | AF2: 71.728752
A3: 9.4617 | B3: 70.890594 | C3: 70.454544 | D3: 70.649063 | E3: 71.561707 | F3: 72.869621 | G3: 73.450401 | H3: 73.725723 | I3: 74.279144 | J3: 73.263214 | K3: 73.344467 | L3: 72.59008 | M3: 73.185135 | N3: 74.280495 | O3: 75.108795 | P3: 75.431847 | Q3: 75.122391 | R3: 73.353729 | S3: 74.02549 | T3: 73.769119 | U3: 73.335602 | V3: 73.284653 | W3: 71.904922 | X3: 71.768784 | Y3: 71.590546 | Z3: 71.503799 | AA3: 71.681053 | AB3: 71.621422 | AC3: 73.229752 | AD3: 73.215996 | AE3: 73.14476 | AF3: 73.425621
A4: 9.9933 | B4: 70.451492 | C4: 71.536743 | D4: 70.9431 | E4: 70.874962 | F4: 73.421478 | G4: 72.863586 | H4: 73.628342 | I4: 73.845978 | J4: 72.563232 | K4: 72.299774 | L4: 72.811401 | M4: 73.231155 | N4: 73.252686 | O4: 75.24826 | P4: 75.431847 | Q4: 75.122391 | R4: 73.353729 | S4: 74.02549 | T4: 73.769119 | U4: 73.335602 | V4: 73.284653 | W4: 71.904922 | X4: 71.768784 | Y4: 73.155426 | Z4: 73.06868 | AA4: 73.320312 | AB4: 73.264435 | AC4: 73.273529 | AD4: 73.259773 | AE4: 73.233215 | AF4: 73.470299
A5: 10.525 | B5: 70.381973 | C5: 69.602097 | D5: 69.857063 | E5: 70.76239 | F5: 73.623474 | G5: 73.702522 | H5: 73.493744 | I5: 73.43309 | J5: 72.243866 | K5: 71.681503 | L5: 73.09655 | M5: 73.789719 | N5: 73.075226 | O5: 74.719025 | P5: 75.509285 | Q5: 75.143066 | R5: 73.418228 | S5: 74.073891 | T5: 73.838821 | U5: 75.303505 | V5: 75.173279 | W5: 73.604881 | X5: 73.44223 | Y5: 73.219879 | Z5: 73.133148 | AA5: 73.404739 | AB5: 73.307281 | AC5: 73.294724 | AD5: 73.280968 | AE5: 73.222076 | AF5: 73.449844
A6: 11.0567 | B6: 71.989014 | C6: 71.150909 | D6: 70.060669 | E6: 69.720146 | F6: 71.702835 | G6: 71.860779 | H6: 72.759102 | I6: 73.290955 | J6: 72.213249 | K6: 71.186081 | L6: 71.746872 | M6: 74.051018 | N6: 73.493347 | O6: 74.047256 | P6: 75.253998 | Q6: 77.265968 | R6: 75.384476 | S6: 76.047791 | T6: 75.855392 | U6: 75.423538 | V6: 75.282013 | W6: 73.847229 | X6: 73.658943 | Y6: 73.457474 | Z6: 73.350967 | AA6: 73.571159 | AB6: 73.464676 | AC6: 73.473236 | AD6: 73.459473 | AE6: 73.443176 | AF6: 73.495834
A7: 11.5883 | B7: 78.088318 | C7: 75.012756 | D7: 73.726341 | E7: 70.770493 | F7: 72.623795 | G7: 71.766068 | H7: 71.704254 | I7: 71.089226 | J7: 70.107666 | K7: 70.473549 | L7: 71.514359 | M7: 73.344894 | N7: 76.595993 | O7: 76.881088 | P7: 76.617867 | Q7: 77.197731 | R7: 75.456863 | S7: 76.053474 | T7: 75.817307 | U7: 75.334145 | V7: 75.189919 | W7: 73.703911 | X7: 73.53167 | Y7: 73.339508 | Z7: 73.233017 | AA7: 73.507591 | AB7: 73.282608 | AC7: 73.395798 | AD7: 73.444588 | AE7: 74.36203 | AF7: 74.562439
A8: 12.12 | B8: 76.577614 | C8: 78.370972 | D8: 78.354813 | E8: 76.615883 | F8: 75.549408 | G8: 72.411728 | H8: 72.404114 | I8: 72.409042 | J8: 69.381912 | K8: 70.976151 | L8: 71.194801 | M8: 72.829514 | N8: 74.405106 | O8: 76.861275 | P8: 77.221466 | Q8: 76.056702 | R8: 75.255844 | S8: 75.686661 | T8: 75.505165 | U8: 75.02343 | V8: 74.883759 | W8: 73.435349 | X8: 73.335541 | Y8: 73.121262 | Z8: 73.145508 | AA8: 74.290207 | AB8: 74.206917 | AC8: 74.226105 | AD8: 73.944199 | AE8: 73.7295 | AF8: 74.089874
A9: 12.6517 | B9: 77.385948 | C9: 76.949074 | D9: 77.830048 | E9: 77.790939 | F9: 78.974571 | G9: 79.100464 | H9: 76.856308 | I9: 76.448593 | J9: 71.997833 | K9: 71.118858 | L9: 71.502197 | M9: 71.732674 | N9: 72.137634 | O9: 74.246765 | P9: 75.183342 | Q9: 74.698341 | R9: 73.77742 | S9: 75.838303 | T9: 75.198837 | U9: 74.382439 | V9: 74.313187 | W9: 73.051086 | X9: 73.879669 | Y9: 73.684647 | Z9: 73.637619 | AA9: 73.310654 | AB9: 73.350067 | AC9: 73.450562 | AD9: 75.36676 | AE9: 75.427887 | AF9: 75.596024
A10: 13.1833 | B10: 78.243774 | C10: 77.585007 | D10: 77.495171 | E10: 78.174805 | F10: 80.422783 | G10: 79.259338 | H10: 80.373657 | I10: 79.561371 | J10: 78.433365 | K10: 74.343948 | L10: 73.944366 | M10: 72.183975 | N10: 72.364235 | O10: 73.696686 | P10: 75.113235 | Q10: 73.877563 | R10: 71.866272 | S10: 73.448914 | T10: 74.898529 | U10: 75.893303 | V10: 76.145477 | W10: 74.395599 | X10: 73.486267 | Y10: 73.275879 | Z10: 73.720749 | AA10: 75.374847 | AB10: 75.294388 | AC10: 75.49472 | AD10: 76.012604 | AE10: 75.919586 | AF10: 76.352448
A11: 13.715 | B11: 80.465286 | C11: 81.550507 | D11: 81.683273 | E11: 81.381088 | F11: 84.080757 | G11: 82.898743 | H11: 81.769974 | I11: 81.448586 | J11: 80.277313 | K11: 80.367592 | L11: 79.878342 | M11: 77.828423 | N11: 77.314552 | O11: 75.137589 | P11: 76.764618 | Q11: 77.352287 | R11: 75.71804 | S11: 75.483002 | T11: 76.25824 | U11: 76.425713 | V11: 76.503067 | W11: 75.812561 | X11: 77.230316 | Y11: 77.129723 | Z11: 77.683914 | AA11: 77.452408 | AB11: 77.260788 | AC11: 77.466843 | AD11: 77.815536 | AE11: 77.784607 | AF11: 77.747589
A12: 14.2467 | B12: 83.271851 | C12: 84.182259 | D12: 83.921021 | E12: 84.089218 | F12: 87.688416 | G12: 87.298149 | H12: 85.755623 | I12: 84.472015 | J12: 83.314117 | K12: 82.172485 | L12: 81.940231 | M12: 82.976105 | N12: 83.30619 | O12: 85.150299 | P12: 83.244553 | Q12: 82.420364 | R12: 77.97979 | S12: 78.25087 | T12: 78.505035 | U12: 81.071121 | V12: 80.945984 | W12: 80.142738 | X12: 79.73922 | Y12: 79.716026 | Z12: 79.824493 | AA12: 80.699356 | AB12: 80.585876 | AC12: 80.583557 | AD12: 80.413559 | AE12: 80.797729 | AF12: 80.85511
A13: 14.7783 | B13: 85.579193 | C13: 85.643082 | D13: 85.12944 | E13: 85.642586 | F13: 87.439087 | G13: 89.435394 | H13: 89.69973 | I13: 88.255745 | J13: 86.037399 | K13: 84.483177 | L13: 84.083282 | M13: 86.177132 | N13: 85.30838 | O13: 85.721725 | P13: 87.582062 | Q13: 87.046234 | R13: 85.289246 | S13: 83.420364 | T13: 82.513535 | U13: 81.933853 | V13: 83.540039 | W13: 82.318314 | X13: 82.413467 | Y13: 81.877861 | Z13: 81.798706 | AA13: 82.124146 | AB13: 82.61985 | AC13: 82.829636 | AD13: 83.01371 | AE13: 83.199158 | AF13: 83.24295
... A32: 24.88 | B32: 89.897293 | C32: 89.445709 | D32: 89.317139 | E32: 89.352654 | F32: 90.502457 | G32: 90.480118 | H32: 90.528168 | I32: 90.201309 | J32: 89.673492 | K32: 89.518013 | L32: 89.35128 | M32: 89.618958 | N32: 88.590012 | O32: 88.83609 | P32: 89.156631 | Q32: 88.594971 | R32: 88.023537 | S32: 89.235611 | T32: 88.584267 | U32: 88.793007 | V32: 90.033691 | W32: 89.664032 | X32: 89.141403 | Y32: 89.225922 | Z32: 89.325211 | AA32: 91.391945 | AB32: 93.258347 | AC32: 93.352959 | AD32: 94.591743 | AE32: 99.610703 | AF32: 99.675575

Sheet XGB_R10_p90
A1: FeO \ Fe | B1: 37.3072 | C1: 37.973 | D1: 38.6387 | E1: 39.3045 | F1: 39.9702 | G1: 40.636 | H1: 41.3018 | I1: 41.9675 | J1: 42.6333 | K1: 43.299 | L1: 43.9648 | M1: 44.6306 | N1: 45.2963 | O1: 45.9621 | P1: 46.6278 | Q1: 47.2936 | R1: 47.9594 | S1: 48.6251 | T1: 49.2909 | U1: 49.9566 | V1: 50.6224 | W1: 51.2882 | X1: 51.9539 | Y1: 52.6197 | Z1: 53.2854 | AA1: 53.9512 | AB1: 54.617 | AC1: 55.2827 | AD1: 55.9485 | AE1: 56.6142 | AF1: 57.28
A2: 8.93 | B2: 78.797554 | C2: 78.797554 | D2: 78.797554 | E2: 78.832954 | F2: 78.832954 | G2: 78.832954 | H2: 79.19239 | I2: 79.484787 | J2: 79.560165 | K2: 79.531082 | L2: 79.525589 | M2: 79.747147 | N2: 79.778954 | O2: 79.899841 | P2: 79.867294 | Q2: 79.813301 | R2: 79.724236 | S2: 79.795265 | T2: 79.885796 | U2: 79.81134 | V2: 79.876244 | W2: 79.675804 | X2: 79.544991 | Y2: 79.544991 | Z2: 79.544991 | AA2: 79.544991 | AB2: 79.544991 | AC2: 79.544991 | AD2: 79.544991 | AE2: 79.544991 | AF2: 79.544991
A3: 9.4617 | B3: 78.797554 | C3: 78.797554 | D3: 78.797554 | E3: 78.832954 | F3: 78.832954 | G3: 78.832954 | H3: 78.827187 | I3: 79.384766 | J3: 79.323349 | K3: 79.560165 | L3: 79.525589 | M3: 79.616486 | N3: 79.778954 | O3: 79.899841 | P3: 79.867294 | Q3: 79.813301 | R3: 79.724236 | S3: 79.795265 | T3: 79.885796 | U3: 79.81134 | V3: 79.876244 | W3: 79.675804 | X3: 79.544991 | Y3: 79.544991 | Z3: 79.544991 | AA3: 79.544991 | AB3: 79.544991 | AC3: 79.942924 | AD3: 79.942924 | AE3: 79.942924 | AF3: 79.942924
A4: 9.9933 | B4: 78.928009 | C4: 78.928009 | D4: 78.928009 | E4: 78.832954 | F4: 78.832954 | G4: 78.832954 | H4: 78.762695 | I4: 79.042397 | J4: 79.106033 | K4: 79.372398 | L4: 79.572006 | M4: 79.569984 | N4: 79.648293 | O4: 79.899841 | P4: 79.867294 | Q4: 79.813301 | R4: 79.724236 | S4: 79.795265 | T4: 79.885796 | U4: 79.81134 | V4: 79.876244 | W4: 79.675804 | X4: 79.544991 | Y4: 79.942924 | Z4: 79.942924 | AA4: 79.942924 | AB4: 79.942924 | AC4: 79.942924 | AD4: 79.942924 | AE4: 79.942924 | AF4: 79.942924
A5: 10.525 | B5: 78.745605 | C5: 78.732185 | D5: 78.732185 | E5: 79.008171 | F5: 79.008171 | G5: 79.008171 | H5: 78.807457 | I5: 78.69754 | J5: 78.808426 | K5: 79.217056 | L5: 79.569748 | M5: 79.661163 | N5: 79.646553 | O5: 79.891983 | P5: 79.912056 | Q5: 79.858063 | R5: 79.801186 | S5: 79.840027 | T5: 79.930557 | U5: 80.338799 | V5: 80.318939 | W5: 80.1185 | X5: 79.987686 | Y5: 79.987686 | Z5: 79.987686 | AA5: 79.987686 | AB5: 79.987686 | AC5: 79.987686 | AD5: 79.987686 | AE5: 79.987686 | AF5: 79.987686
A6: 11.0567 | B6: 79.742897 | C6: 79.534401 | D6: 79.001976 | E6: 78.741821 | F6: 78.814789 | G6: 78.814789 | H6: 78.985115 | I6: 78.875198 | J6: 78.596466 | K6: 78.855621 | L6: 79.305176 | M6: 79.661346 | N6: 79.740173 | O6: 79.846825 | P6: 79.93882 | Q6: 80.474884 | R6: 80.341019 | S6: 80.37986 | T6: 80.460457 | U6: 80.386002 | V6: 80.366142 | W6: 80.165695 | X6: 80.034889 | Y6: 80.034889 | Z6: 80.034889 | AA6: 80.034889 | AB6: 80.034889 | AC6: 80.034889 | AD6: 80.034889 | AE6: 80.111382 | AF6: 80.111382
A7: 11.5883 | B7: 84.328171 | C7: 82.149834 | D7: 81.806412 | E7: 79.72805 | F7: 79.569801 | G7: 78.872421 | H7: 78.671562 | I7: 78.634613 | J7: 78.385948 | K7: 78.596466 | L7: 79.060768 | M7: 79.545982 | N7: 80.463593 | O7: 80.474472 | P7: 80.350739 | Q7: 80.379448 | R7: 80.245583 | S7: 80.284424 | T7: 80.365021 | U7: 80.290565 | V7: 80.270706 | W7: 80.070267 | X7: 79.939453 | Y7: 79.939453 | Z7: 79.939453 | AA7: 80.015945 | AB7: 80.015945 | AC7: 80.108925 | AD7: 80.171471 | AE7: 80.669228 | AF7: 80.669228
A8: 12.12 | B8: 84.189606 | C8: 84.291389 | D8: 84.291389 | E8: 83.533005 | F8: 82.022011 | G8: 79.813423 | H8: 79.64856 | I8: 79.380394 | J8: 78.319878 | K8: 78.81472 | L8: 78.963776 | M8: 79.485146 | N8: 79.944786 | O8: 80.30249 | P8: 80.188164 | Q8: 80.036674 | R8: 79.987335 | S8: 80.101067 | T8: 80.181664 | U8: 80.107208 | V8: 80.087349 | W8: 79.886902 | X8: 79.832588 | Y8: 79.869019 | Z8: 79.988113 | AA8: 80.48587 | AB8: 80.48587 | AC8: 80.48587 | AD8: 80.403992 | AE8: 80.403992 | AF8: 80.672211
A9: 12.6517 | B9: 84.13826 | C9: 84.055916 | D9: 84.23922 | E9: 84.23922 | F9: 84.105003 | G9: 84.105003 | H9: 82.463898 | I9: 82.26963 | J9: 79.61293 | K9: 79.433075 | L9: 79.295448 | M9: 79.043076 | N9: 79.272812 | O9: 79.769096 | P9: 79.781487 | Q9: 79.797127 | R9: 79.709763 | S9: 80.027435 | T9: 80.058495 | U9: 79.903122 | V9: 80.092384 | W9: 79.954483 | X9: 80.321426 | Y9: 80.321426 | Z9: 80.393295 | AA9: 80.239548 | AB9: 80.363228 | AC9: 80.507774 | AD9: 81.886063 | AE9: 81.886063 | AF9: 81.886063
A10: 13.1833 | B10: 84.13826 | C10: 84.13826 | D10: 84.13826 | E10: 84.1577 | F10: 84.205872 | G10: 84.153183 | H10: 84.153183 | I10: 84.112335 | J10: 83.821655 | K10: 81.93821 | L10: 81.621376 | M10: 79.54409 | N10: 79.742729 | O10: 79.911232 | P10: 79.654678 | Q10: 79.526054 | R10: 79.418739 | S10: 79.835976 | T10: 80.331055 | U10: 80.709244 | V10: 80.844017 | W10: 80.605026 | X10: 80.239548 | Y10: 80.363228 | Z10: 80.951286 | AA10: 81.861382 | AB10: 81.886063 | AC10: 82.000221 | AD10: 82.289886 | AE10: 82.196342 | AF10: 82.298958
A11: 13.715 | B11: 85.804749 | C11: 85.840057 | D11: 85.840057 | E11: 85.840057 | F11: 85.941841 | G11: 85.882126 | H11: 85.725288 | I11: 85.806801 | J11: 85.702171 | K11: 85.596863 | L11: 85.596863 | M11: 83.929825 | N11: 83.714653 | O11: 81.550873 | P11: 81.832817 | Q11: 81.846756 | R11: 81.51342 | S11: 81.460167 | T11: 81.785133 | U11: 81.756546 | V11: 82.121048 | W11: 82.302963 | X11: 83.057259 | Y11: 83.057259 | Z11: 83.259018 | AA11: 83.265198 | AB11: 83.196335 | AC11: 83.29895 | AD11: 83.362877 | AE11: 83.362877 | AF11: 83.362877
A12: 14.2467 | B12: 88.066849 | C12: 88.066849 | D12: 88.066849 | E12: 88.066849 | F12: 88.634239 | G12: 88.296257 | H12: 88.178398 | I12: 88.018372 | J12: 87.909409 | K12: 87.848618 | L12: 87.848618 | M12: 87.893013 | N12: 88.036354 | O12: 88.146248 | P12: 86.370811 | Q12: 86.167351 | R12: 84.052116 | S12: 84.270012 | T12: 84.961334 | U12: 85.534607 | V12: 85.756256 | W12: 85.76825 | X12: 85.76825 | Y12: 85.751808 | Z12: 85.82589 | AA12: 85.889481 | AB12: 85.858475 | AC12: 85.858475 | AD12: 85.856987 | AE12: 85.856987 | AF12: 85.856987
A13: 14.7783 | B13: 89.328339 | C13: 89.239372 | D13: 89.211029 | E13: 89.235245 | F13: 89.235245 | G13: 90.644875 | H13: 91.055618 | I13: 89.341675 | J13: 89.194778 | K13: 89.052467 | L13: 89.056564 | M13: 89.133392 | N13: 89.164337 | O13: 88.435799 | P13: 88.931541 | Q13: 88.887817 | R13: 88.797348 | S13: 87.307655 | T13: 87.326912 | U13: 87.071777 | V13: 87.541183 | W13: 87.502594 | X13: 87.381035 | Y13: 87.353844 | Z13: 87.421387 | AA13: 87.453934 | AB13: 87.508904 | AC13: 87.508904 | AD13: 87.508904 | AE13: 87.508904 | AF13: 87.508904
... A32: 24.88 | B32: 91.8433 | C32: 91.582466 | D32: 91.582466 | E32: 91.614426 | F32: 91.614426 | G32: 91.614426 | H32: 91.614426 | I32: 91.614426 | J32: 91.614426 | K32: 91.614426 | L32: 91.614426 | M32: 91.614426 | N32: 91.578751 | O32: 91.586029 | P32: 91.525978 | Q32: 91.480858 | R32: 91.44043 | S32: 91.44043 | T32: 91.44043 | U32: 91.44043 | V32: 91.62059 | W32: 91.62059 | X32: 91.560875 | Y32: 91.537979 | Z32: 91.683502 | AA32: 92.767036 | AB32: 93.647461 | AC32: 93.867714 | AD32: 94.913231 | AE32: 100.23 | AF32: 100.26865

Sheet XGB_R50_p10
A1: FeO \ Fe | B1: 37.3072 | C1: 37.973 | D1: 38.6387 | E1: 39.3045 | F1: 39.9702 | G1: 40.636 | H1: 41.3018 | I1: 41.9675 | J1: 42.6333 | K1: 43.299 | L1: 43.9648 | M1: 44.6306 | N1: 45.2963 | O1: 45.9621 | P1: 46.6278 | Q1: 47.2936 | R1: 47.9594 | S1: 48.6251 | T1: 49.2909 | U1: 49.9566 | V1: 50.6224 | W1: 51.2882 | X1: 51.9539 | Y1: 52.6197 | Z1: 53.2854 | AA1: 53.9512 | AB1: 54.617 | AC1: 55.2827 | AD1: 55.9485 | AE1: 56.6142 | AF1: 57.28
A2: 8.93 | B2: 70.346458 | C2: 70.258293 | D2: 71.021065 | E2: 70.527382 | F2: 71.293213 | G2: 71.305939 | H2: 71.322243 | I2: 71.609741 | J2: 71.244827 | K2: 69.967888 | L2: 69.274727 | M2: 71.576546 | N2: 71.409798 | O2: 72.265343 | P2: 71.645233 | Q2: 71.330276 | R2: 70.764534 | S2: 71.971329 | T2: 71.594467 | U2: 71.711174 | V2: 72.351723 | W2: 72.335571 | X2: 72.338333 | Y2: 71.969078 | Z2: 72.180275 | AA2: 72.556648 | AB2: 72.460945 | AC2: 72.18914 | AD2: 72.160889 | AE2: 72.071907 | AF2: 72.072708
A3: 9.4617 | B3: 70.576012 | C3: 69.819473 | D3: 70.921906 | E3: 71.27227 | F3: 70.788689 | G3: 71.392059 | H3: 70.909599 | I3: 71.50795 | J3: 70.803482 | K3: 70.726509 | L3: 69.856178 | M3: 70.339714 | N3: 71.588394 | O3: 72.388359 | P3: 71.805649 | Q3: 71.490692 | R3: 70.92495 | S3: 72.094055 | T3: 71.754883 | U3: 71.873299 | V3: 72.506973 | W3: 72.488815 | X3: 72.49189 | Y3: 72.137581 | Z3: 72.356834 | AA3: 72.711861 | AB3: 72.621361 | AC3: 74.075836 | AD3: 74.058723 | AE3: 73.960808 | AF3: 74.004585
A4: 9.9933 | B4: 69.994904 | C4: 70.969978 | D4: 70.99955 | E4: 70.861412 | F4: 71.16552 | G4: 70.63736 | H4: 70.853394 | I4: 70.954239 | J4: 70.355705 | K4: 69.757957 | L4: 69.862328 | M4: 69.961914 | N4: 69.799744 | O4: 72.222549 | P4: 71.57943 | Q4: 71.25103 | R4: 70.68084 | S4: 71.946304 | T4: 71.495422 | U4: 71.606812 | V4: 72.323669 | W4: 72.306297 | X4: 72.310219 | Y4: 73.699005 | Z4: 73.885086 | AA4: 74.144485 | AB4: 74.12307 | AC4: 73.928482 | AD4: 73.911377 | AE4: 73.867119 | AF4: 73.867119
A5: 10.525 | B5: 69.411118 | C5: 68.274841 | D5: 69.620682 | E5: 70.475258 | F5: 71.041756 | G5: 71.117264 | H5: 70.334579 | I5: 70.144196 | J5: 69.511375 | K5: 69.05542 | L5: 69.501511 | M5: 69.840843 | N5: 68.6371 | O5: 71.059349 | P5: 71.195389 | Q5: 70.747086 | R5: 70.257477 | S5: 71.595436 | T5: 71.088509 | U5: 72.977966 | V5: 73.576965 | W5: 73.551521 | X5: 73.576286 | Y5: 73.245377 | Z5: 73.448837 | AA5: 73.813431 | AB5: 73.732773 | AC5: 73.439552 | AD5: 73.43425 | AE5: 73.380646 | AF5: 73.380646
A6: 11.0567 | B6: 70.307487 | C6: 69.118904 | D6: 68.61982 | E6: 68.312439 | F6: 68.68647 | G6: 68.74321 | H6: 69.458054 | I6: 70.101959 | J6: 69.523132 | K6: 68.318481 | L6: 68.16925 | M6: 69.6064 | N6: 68.601906 | O6: 69.500671 | P6: 69.840889 | Q6: 72.375061 | R6: 71.633186 | S6: 72.853462 | T6: 72.462822 | U6: 72.593391 | V6: 73.251732 | W6: 73.238785 | X6: 73.231812 | Y6: 72.793411 | Z6: 72.99823 | AA6: 73.447121 | AB6: 73.349945 | AC6: 73.038475 | AD6: 73.048813 | AE6: 72.970802 | AF6: 72.766663
A7: 11.5883 | B7: 77.518501 | C7: 73.634048 | D7: 72.725281 | E7: 69.115959 | F7: 69.224899 | G7: 68.446213 | H7: 68.201225 | I7: 67.455162 | J7: 67.445091 | K7: 68.217407 | L7: 68.528687 | M7: 69.601624 | N7: 71.833115 | O7: 72.137695 | P7: 70.730919 | Q7: 72.295753 | R7: 71.641869 | S7: 72.849075 | T7: 72.391273 | U7: 72.457092 | V7: 73.124023 | W7: 73.064034 | X7: 73.111275 | Y7: 72.717354 | Z7: 72.905617 | AA7: 73.365143 | AB7: 73.034554 | AC7: 72.792213 | AD7: 72.970261 | AE7: 74.554047 | AF7: 74.494286
A8: 12.12 | B8: 75.786194 | C8: 78.655846 | D8: 79.418747 | E8: 77.160309 | F8: 73.815567 | G8: 69.626801 | H8: 69.680626 | I8: 70.177803 | J8: 66.79673 | K8: 69.041344 | L8: 69.390045 | M8: 70.415924 | N8: 71.249847 | O8: 73.060143 | P8: 72.289185 | Q8: 70.714455 | R8: 71.89669 | S8: 72.962418 | T8: 72.393379 | U8: 72.554474 | V8: 73.266197 | W8: 73.083366 | X8: 73.148308 | Y8: 72.576332 | Z8: 73.032188 | AA8: 75.180893 | AB8: 74.99604 | AC8: 74.821823 | AD8: 74.834824 | AE8: 74.641632 | AF8: 74.698158
A9: 12.6517 | B9: 79.687828 | C9: 78.872398 | D9: 80.866364 | E9: 80.89608 | F9: 80.480888 | G9: 80.356544 | H9: 77.755547 | I9: 77.328209 | J9: 72.844284 | K9: 71.394165 | L9: 72.131538 | M9: 71.910904 | N9: 71.657341 | O9: 73.153053 | P9: 72.453766 | Q9: 71.29319 | R9: 70.91819 | S9: 74.460251 | T9: 73.798264 | U9: 73.525154 | V9: 74.120941 | W9: 74.189888 | X9: 75.897614 | Y9: 75.413788 | Z9: 76.031891 | AA9: 76.132339 | AB9: 76.105255 | AC9: 75.804146 | AD9: 78.048775 | AE9: 77.931175 | AF9: 77.801292
A10: 13.1833 | B10: 81.434181 | C10: 80.624092 | D10: 81.286377 | E10: 81.600624 | F10: 82.50029 | G10: 81.633835 | H10: 82.16964 | I10: 81.456848 | J10: 80.744446 | K10: 76.529213 | L10: 75.864487 | M10: 73.526909 | N10: 73.302376 | O10: 74.376884 | P10: 73.637108 | Q10: 72.260086 | R10: 70.478043 | S10: 73.454277 | T10: 74.816162 | U10: 76.112343 | V10: 77.173737 | W10: 77.170097 | X10: 76.911079 | Y10: 76.411392 | Z10: 77.366379 | AA10: 79.440346 | AB10: 79.30043 | AC10: 79.245903 | AD10: 79.88147 | AE10: 79.595222 | AF10: 79.867149
A11: 13.715 | B11: 85.718674 | C11: 86.69017 | D11: 87.019676 | E11: 86.861855 | F11: 87.054314 | G11: 86.692917 | H11: 86.19017 | I11: 85.566734 | J11: 84.873558 | K11: 85.317467 | L11: 84.904633 | M11: 82.740448 | N11: 81.866119 | O11: 79.153526 | P11: 79.250107 | Q11: 78.99369 | R11: 78.703201 | S11: 78.738457 | T11: 79.829605 | U11: 80.605782 | V11: 81.508362 | W11: 82.096527 | X11: 83.346687 | Y11: 83.246597 | Z11: 84.251038 | AA11: 84.140862 | AB11: 84.020943 | AC11: 84.033142 | AD11: 84.192612 | AE11: 83.876228 | AF11: 83.752342
A12: 14.2467 | B12: 86.753693 | C12: 88.070633 | D12: 88.969147 | E12: 89.089867 | F12: 89.636475 | G12: 89.532249 | H12: 89.055969 | I12: 87.9711 | J12: 86.6101 | K12: 85.255669 | L12: 85.237831 | M12: 86.204773 | N12: 86.326836 | O12: 88.519318 | P12: 85.357437 | Q12: 84.932762 | R12: 81.23381 | S12: 81.716194 | T12: 81.036438 | U12: 85.158524 | V12: 85.992912 | W12: 86.413338 | X12: 86.087173 | Y12: 85.690216 | Z12: 86.403603 | AA12: 86.910667 | AB12: 86.6492 | AC12: 86.405067 | AD12: 86.24147 | AE12: 86.46962 | AF12: 86.513985
A13: 14.7783 | B13: 89.252663 | C13: 89.075844 | D13: 89.114014 | E13: 89.994225 | F13: 90.296654 | G13: 90.942261 | H13: 90.901398 | I13: 90.393967 | J13: 89.262802 | K13: 86.764595 | L13: 86.127228 | M13: 89.403214 | N13: 87.174759 | O13: 88.441025 | P13: 88.643021 | Q13: 88.747284 | R13: 88.565308 | S13: 86.766785 | T13: 85.316956 | U13: 84.627388 | V13: 88.61972 | W13: 88.849701 | X13: 88.806129 | Y13: 88.389 | Z13: 88.845154 | AA13: 89.071533 | AB13: 89.271652 | AC13: 89.075325 | AD13: 89.105888 | AE13: 89.13044 | AF13: 89.110893
... A32: 24.88 | B32: 92.311996 | C32: 91.659637 | D32: 92.514465 | E32: 92.481461 | F32: 92.49968 | G32: 92.481026 | H32: 92.475502 | I32: 92.473083 | J32: 92.178627 | K32: 91.783775 | L32: 91.207451 | M32: 91.500397 | N32: 90.070129 | O32: 91.494293 | P32: 90.98671 | Q32: 90.43293 | R32: 90.230392 | S32: 92.479736 | T32: 91.574432 | U32: 92.208275 | V32: 93.012428 | W32: 93.330353 | X32: 94.98262 | Y32: 94.979591 | Z32: 95.057899 | AA32: 96.054008 | AB32: 97.041252 | AC32: 97.383614 | AD32: 98.050941 | AE32: 101.57985 | AF32: 101.57985

Sheet XGB_R50_mean
A1: FeO \ Fe | B1: 37.3072 | C1: 37.973 | D1: 38.6387 | E1: 39.3045 | F1: 39.9702 | G1: 40.636 | H1: 41.3018 | I1: 41.9675 | J1: 42.6333 | K1: 43.299 | L1: 43.9648 | M1: 44.6306 | N1: 45.2963 | O1: 45.9621 | P1: 46.6278 | Q1: 47.2936 | R1: 47.9594 | S1: 48.6251 | T1: 49.2909 | U1: 49.9566 | V1: 50.6224 | W1: 51.2882 | X1: 51.9539 | Y1: 52.6197 | Z1: 53.2854 | AA1: 53.9512 | AB1: 54.617 | AC1: 55.2827 | AD1: 55.9485 | AE1: 56.6142 | AF1: 57.28
A2: 8.93 | B2: 70.634872 | C2: 70.486702 | D2: 71.418922 | E2: 70.830963 | F2: 71.682037 | G2: 71.997269 | H2: 72.018509 | I2: 72.027946 | J2: 71.589615 | K2: 70.489944 | L2: 70.162918 | M2: 72.07959 | N2: 71.700043 | O2: 72.761093 | P2: 72.027107 | Q2: 71.612228 | R2: 71.148666 | S2: 72.605026 | T2: 71.864349 | U2: 71.952576 | V2: 72.583374 | W2: 72.541489 | X2: 72.576439 | Y2: 72.261986 | Z2: 72.416733 | AA2: 72.780228 | AB2: 72.695328 | AC2: 72.474457 | AD2: 72.468597 | AE2: 72.382851 | AF2: 72.382851
A3: 9.4617 | B3: 70.861481 | C3: 70.374397 | D3: 71.186493 | E3: 71.91893 | F3: 71.027405 | G3: 71.905823 | H3: 71.65934 | I3: 72.050308 | J3: 71.080856 | K3: 70.969719 | L3: 70.456863 | M3: 70.81221 | N3: 71.905846 | O3: 72.886765 | P3: 72.213913 | Q3: 71.764801 | R3: 71.327194 | S3: 72.74173 | T3: 72.003822 | U3: 72.096222 | V3: 72.744507 | W3: 72.683357 | X3: 72.748062 | Y3: 72.397926 | Z3: 72.565491 | AA3: 72.976479 | AB3: 72.86853 | AC3: 74.330605 | AD3: 74.337341 | AE3: 74.27169 | AF3: 74.330948
A4: 9.9933 | B4: 70.567352 | C4: 71.19635 | D4: 71.25238 | E4: 71.099945 | F4: 71.651489 | G4: 70.891724 | H4: 71.412766 | I4: 71.489639 | J4: 70.65966 | K4: 70.189331 | L4: 70.467514 | M4: 70.435043 | N4: 70.55101 | O4: 72.734726 | P4: 71.875221 | Q4: 71.473045 | R4: 70.976273 | S4: 72.472473 | T4: 71.857246 | U4: 71.94548 | V4: 72.488396 | W4: 72.460236 | X4: 72.524307 | Y4: 73.853363 | Z4: 74.034348 | AA4: 74.492554 | AB4: 74.390533 | AC4: 74.081078 | AD4: 74.078629 | AE4: 74.072159 | AF4: 74.070976
A5: 10.525 | B5: 69.987015 | C5: 69.139069 | D5: 69.921768 | E5: 70.740662 | F5: 71.211319 | G5: 71.475494 | H5: 70.652 | I5: 70.66185 | J5: 69.847229 | K5: 69.574539 | L5: 70.022232 | M5: 70.251572 | N5: 69.667763 | O5: 71.507446 | P5: 71.519165 | Q5: 71.018417 | R5: 70.581017 | S5: 72.054398 | T5: 71.489319 | U5: 73.17067 | V5: 73.810287 | W5: 73.723419 | X5: 73.813477 | Y5: 73.438065 | Z5: 73.635681 | AA5: 74.082481 | AB5: 73.915733 | AC5: 73.674484 | AD5: 73.696152 | AE5: 73.642258 | AF5: 73.642258
A6: 11.0567 | B6: 70.960983 | C6: 70.159233 | D6: 69.415527 | E6: 69.112762 | F6: 69.414108 | G6: 69.51149 | H6: 69.871582 | I6: 70.305939 | J6: 69.846931 | K6: 68.900826 | L6: 69.086792 | M6: 69.866768 | N6: 69.517731 | O6: 70.087646 | P6: 70.277634 | Q6: 72.587013 | R6: 71.879913 | S6: 73.33667 | T6: 72.778442 | U6: 72.866669 | V6: 73.407608 | W6: 73.399612 | X6: 73.408958 | Y6: 73.145569 | Z6: 73.268372 | AA6: 73.566322 | AB6: 73.506531 | AC6: 73.318207 | AD6: 73.347198 | AE6: 73.306793 | AF6: 73.145126
A7: 11.5883 | B7: 78.017693 | C7: 74.277557 | D7: 73.423004 | E7: 70.006508 | F7: 70.149902 | G7: 69.400963 | H7: 68.85849 | I7: 68.549179 | J7: 68.360527 | K7: 68.81739 | L7: 69.240639 | M7: 70.014801 | N7: 72.010384 | O7: 72.309448 | P7: 71.412994 | Q7: 72.537498 | R7: 71.966827 | S7: 73.311607 | T7: 72.73027 | U7: 72.796005 | V7: 73.315811 | W7: 73.263138 | X7: 73.306801 | Y7: 73.058693 | Z7: 73.18734 | AA7: 73.500183 | AB7: 73.245583 | AC7: 73.211075 | AD7: 73.389465 | AE7: 74.841118 | AF7: 74.809013
A8: 12.12 | B8: 77.069016 | C8: 78.88636 | D8: 79.660286 | E8: 77.610107 | F8: 74.155624 | G8: 70.71994 | H8: 70.315475 | I8: 70.389519 | J8: 67.982941 | K8: 69.740997 | L8: 69.894379 | M8: 70.758972 | N8: 71.739716 | O8: 73.350449 | P8: 72.644501 | Q8: 71.587021 | R8: 72.251343 | S8: 73.375809 | T8: 72.884689 | U8: 72.972931 | V8: 73.470604 | W8: 73.420013 | X8: 73.418251 | Y8: 73.160324 | Z8: 73.512039 | AA8: 75.321808 | AB8: 75.207809 | AC8: 75.155426 | AD8: 75.209167 | AE8: 75.010162 | AF8: 75.156418
A9: 12.6517 | B9: 80.039383 | C9: 79.575584 | D9: 81.439941 | E9: 81.508331 | F9: 80.853401 | G9: 80.857376 | H9: 78.020233 | I9: 77.638916 | J9: 73.128189 | K9: 72.0942 | L9: 72.452499 | M9: 72.19928 | N9: 71.936081 | O9: 73.370407 | P9: 72.930893 | Q9: 72.04586 | R9: 71.789261 | S9: 74.95356 | T9: 74.210388 | U9: 73.969986 | V9: 74.399406 | W9: 74.544067 | X9: 76.096336 | Y9: 75.865166 | Z9: 76.324554 | AA9: 76.349106 | AB9: 76.340759 | AC9: 76.174309 | AD9: 78.430672 | AE9: 78.316185 | AF9: 78.316185
A10: 13.1833 | B10: 81.688812 | C10: 80.966843 | D10: 81.611412 | E10: 82.609299 | F10: 83.267776 | G10: 82.072029 | H10: 82.748894 | I10: 81.974472 | J10: 81.134415 | K10: 76.918465 | L10: 76.218185 | M10: 74.105965 | N10: 73.557266 | O10: 74.814774 | P10: 73.954071 | Q10: 72.665436 | R10: 71.324112 | S10: 74.004608 | T10: 75.188583 | U10: 76.460182 | V10: 77.568863 | W10: 77.449371 | X10: 77.242905 | Y10: 76.716805 | Z10: 77.683968 | AA10: 79.810669 | AB10: 79.712082 | AC10: 79.577164 | AD10: 80.18293 | AE10: 79.928177 | AF10: 80.185165
A11: 13.715 | B11: 86.072571 | C11: 87.036606 | D11: 87.989426 | E11: 87.751526 | F11: 88.737915 | G11: 87.614716 | H11: 86.788429 | I11: 86.342865 | J11: 85.27887 | K11: 85.764992 | L11: 85.41626 | M11: 83.368927 | N11: 82.541008 | O11: 80.017578 | P11: 79.613235 | Q11: 79.471405 | R11: 78.925919 | S11: 79.059952 | T11: 80.045715 | U11: 80.875061 | V11: 81.943222 | W11: 82.38588 | X11: 83.76709 | Y11: 83.503807 | Z11: 84.563232 | AA11: 84.559677 | AB11: 84.249191 | AC11: 84.260651 | AD11: 84.397697 | AE11: 84.184311 | AF11: 84.067993
A12: 14.2467 | B12: 87.643082 | C12: 88.612877 | D12: 89.180481 | E12: 89.403061 | F12: 91.191101 | G12: 91.105164 | H12: 89.616608 | I12: 88.281891 | J12: 87.287659 | K12: 86.293312 | L12: 86.096825 | M12: 86.775772 | N12: 86.718948 | O12: 89.106674 | P12: 85.620712 | Q12: 85.070885 | R12: 81.459839 | S12: 81.930038 | T12: 82.04097 | U12: 85.354767 | V12: 86.279327 | W12: 86.535172 | X12: 86.238205 | Y12: 86.019005 | Z12: 86.529961 | AA12: 87.126694 | AB12: 86.948845 | AC12: 86.510559 | AD12: 86.391006 | AE12: 86.610336 | AF12: 86.639938
A13: 14.7783 | B13: 89.728577 | C13: 89.645416 | D13: 89.520699 | E13: 90.159813 | F13: 90.496323 | G13: 92.3834 | H13: 92.49704 | I13: 91.242249 | J13: 89.50248 | K13: 87.903839 | L13: 87.337769 | M13: 89.607086 | N13: 88.063843 | O13: 89.334061 | P13: 89.315933 | Q13: 89.005676 | R13: 88.714355 | S13: 87.330139 | T13: 86.026459 | U13: 85.659866 | V13: 88.910782 | W13: 89.230469 | X13: 89.373337 | Y13: 88.540848 | Z13: 89.033142 | AA13: 89.39669 | AB13: 89.797882 | AC13: 89.470734 | AD13: 89.616203 | AE13: 89.647217 | AF13: 89.625511
... A32: 24.88 | B32: 92.563065 | C32: 92.037827 | D32: 92.840019 | E32: 92.822495 | F32: 92.85376 | G32: 92.790581 | H32: 92.78273 | I32: 92.648468 | J32: 92.43261 | K32: 92.388672 | L32: 92.083969 | M32: 92.213791 | N32: 91.285934 | O32: 92.260582 | P32: 91.90596 | Q32: 91.463913 | R32: 91.173851 | S32: 92.806854 | T32: 92.355972 | U32: 92.671028 | V32: 94.288376 | W32: 94.582985 | X32: 96.078751 | Y32: 96.217133 | Z32: 96.594452 | AA32: 98.817856 | AB32: 100.92764 | AC32: 101.16853 | AD32: 102.37219 | AE32: 107.47719 | AF32: 107.36582

Sheet XGB_R50_p90
A1: FeO \ Fe | B1: 37.3072 | C1: 37.973 | D1: 38.6387 | E1: 39.3045 | F1: 39.9702 | G1: 40.636 | H1: 41.3018 | I1: 41.9675 | J1: 42.6333 | K1: 43.299 | L1: 43.9648 | M1: 44.6306 | N1: 45.2963 | O1: 45.9621 | P1: 46.6278 | Q1: 47.2936 | R1: 47.9594 | S1: 48.6251 | T1: 49.2909 | U1: 49.9566 | V1: 50.6224 | W1: 51.2882 | X1: 51.9539 | Y1: 52.6197 | Z1: 53.2854 | AA1: 53.9512 | AB1: 54.617 | AC1: 55.2827 | AD1: 55.9485 | AE1: 56.6142 | AF1: 57.28
A2: 8.93 | B2: 78.287148 | C2: 78.287148 | D2: 78.287148 | E2: 78.287148 | F2: 78.287148 | G2: 78.287148 | H2: 78.553505 | I2: 78.821373 | J2: 78.766785 | K2: 78.766785 | L2: 78.753494 | M2: 78.930656 | N2: 79.019264 | O2: 79.094955 | P2: 79.062408 | Q2: 79.008415 | R2: 78.91935 | S2: 79.100029 | T2: 79.190559 | U2: 79.190559 | V2: 79.384377 | W2: 79.384377 | X2: 79.384377 | Y2: 79.384377 | Z2: 79.490906 | AA2: 79.490906 | AB2: 79.490906 | AC2: 79.490906 | AD2: 79.490906 | AE2: 79.490906 | AF2: 79.490906
A3: 9.4617 | B3: 78.334351 | C3: 78.334351 | D3: 78.334351 | E3: 78.334351 | F3: 78.334351 | G3: 78.334351 | H3: 78.329201 | I3: 78.802307 | J3: 78.668907 | K3: 78.813988 | L3: 78.76757 | M3: 78.847191 | N3: 79.066467 | O3: 79.142159 | P3: 79.109612 | Q3: 79.055618 | R3: 78.966553 | S3: 79.147232 | T3: 79.237762 | U3: 79.237762 | V3: 79.431572 | W3: 79.431572 | X3: 79.431572 | Y3: 79.431572 | Z3: 79.538101 | AA3: 79.538101 | AB3: 79.538101 | AC3: 79.840607 | AD3: 79.840607 | AE3: 79.840607 | AF3: 79.840607
A4: 9.9933 | B4: 78.422096 | C4: 78.422096 | D4: 78.422096 | E4: 78.291634 | F4: 78.291634 | G4: 78.291634 | H4: 78.222 | I4: 78.437798 | J4: 78.383583 | K4: 78.444847 | L4: 78.589928 | M4: 78.54351 | N4: 78.711739 | O4: 78.952873 | P4: 78.920326 | Q4: 78.866333 | R4: 78.777267 | S4: 79.000656 | T4: 79.091187 | U4: 79.091187 | V4: 79.284996 | W4: 79.284996 | X4: 79.284996 | Y4: 79.587502 | Z4: 79.694031 | AA4: 79.694031 | AB4: 79.694031 | AC4: 79.694031 | AD4: 79.694031 | AE4: 79.694031 | AF4: 79.694031
A5: 10.525 | B5: 78.034279 | C5: 78.080055 | D5: 78.080055 | E5: 78.290573 | F5: 78.290573 | G5: 78.290573 | H5: 78.090477 | I5: 78.034386 | J5: 78.11161 | K5: 78.25206 | L5: 78.382294 | M5: 78.458397 | N5: 78.500587 | O5: 78.768723 | P5: 78.788795 | Q5: 78.734802 | R5: 78.689491 | S5: 78.912888 | T5: 79.003418 | U5: 79.351036 | V5: 79.499725 | W5: 79.499725 | X5: 79.499725 | Y5: 79.499725 | Z5: 79.606255 | AA5: 79.606255 | AB5: 79.606255 | AC5: 79.606255 | AD5: 79.606255 | AE5: 79.606255 | AF5: 79.606255
A6: 11.0567 | B6: 78.92588 | C6: 78.709816 | D6: 78.153244 | E6: 77.916885 | F6: 77.989853 | G6: 77.989853 | H6: 78.13073 | I6: 78.074638 | J6: 77.961044 | K6: 77.94989 | L6: 78.09034 | M6: 78.220573 | N6: 78.385284 | O6: 78.447685 | P6: 78.574455 | Q6: 79.009445 | R6: 78.919334 | S6: 79.142731 | T6: 79.223328 | U6: 79.223328 | V6: 79.372017 | W6: 79.372017 | X6: 79.372017 | Y6: 79.372017 | Z6: 79.478546 | AA6: 79.478546 | AB6: 79.478546 | AC6: 79.478546 | AD6: 79.478546 | AE6: 79.555038 | AF6: 79.555038
A7: 11.5883 | B7: 83.868744 | C7: 81.6101 | D7: 81.227585 | E7: 78.868065 | F7: 78.709816 | G7: 77.988289 | H7: 77.847244 | I7: 77.864128 | J7: 77.750526 | K7: 77.961044 | L7: 78.080345 | M7: 78.220795 | N7: 79.00779 | O7: 79.002556 | P7: 78.911949 | Q7: 79.009445 | R7: 78.919334 | S7: 79.142731 | T7: 79.223328 | U7: 79.223328 | V7: 79.372017 | W7: 79.372017 | X7: 79.372017 | Y7: 79.372017 | Z7: 79.478546 | AA7: 79.555038 | AB7: 79.555038 | AC7: 79.648018 | AD7: 79.797417 | AE7: 80.495163 | AF7: 80.495163
A8: 12.12 | B8: 83.696342 | C8: 83.846138 | D8: 83.999466 | E8: 83.244843 | F8: 81.539337 | G8: 79.039108 | H8: 78.761642 | I8: 78.58004 | J8: 77.667969 | K8: 78.182358 | L8: 78.290489 | M8: 78.515076 | N8: 78.875465 | O8: 79.09623 | P8: 78.972496 | Q8: 78.854134 | R8: 78.882553 | S8: 79.105942 | T8: 79.186539 | U8: 79.186539 | V8: 79.335236 | W8: 79.335236 | X8: 79.411728 | Y8: 79.448158 | Z8: 79.760635 | AA8: 80.458374 | AB8: 80.458374 | AC8: 80.458374 | AD8: 80.474098 | AE8: 80.474098 | AF8: 80.742325
A9: 12.6517 | B9: 83.833641 | C9: 83.764046 | D9: 84.066841 | E9: 84.066841 | F9: 83.966469 | G9: 83.966469 | H9: 82.236572 | I9: 82.011795 | J9: 79.223358 | K9: 79.165016 | L9: 78.986465 | M9: 78.430061 | N9: 78.631927 | O9: 78.877914 | P9: 78.876701 | Q9: 78.892342 | R9: 78.881859 | S9: 79.304703 | T9: 79.412254 | U9: 79.331329 | V9: 79.573006 | W9: 79.722404 | X9: 80.420143 | Y9: 80.420143 | Z9: 80.598541 | AA9: 80.542397 | AB9: 80.666077 | AC9: 80.810623 | AD9: 82.332291 | AE9: 82.332291 | AF9: 82.332291
A10: 13.1833 | B10: 84.070984 | C10: 84.118996 | D10: 84.238487 | E10: 84.257927 | F10: 84.270836 | G10: 84.218147 | H10: 84.192749 | I10: 84.203232 | J10: 84.069916 | K10: 82.289825 | L10: 81.904991 | M10: 79.538185 | N10: 79.625908 | O10: 79.598282 | P10: 79.068283 | Q10: 79.045235 | R10: 78.981667 | S10: 79.585487 | T10: 80.106544 | U10: 80.695755 | V10: 81.039108 | W10: 81.06144 | X10: 80.92437 | Y10: 81.04805 | Z10: 81.789612 | AA10: 82.796112 | AB10: 82.820793 | AC10: 82.934952 | AD10: 83.19149 | AE10: 83.12767 | AF10: 83.230286
A11: 13.715 | B11: 87.371101 | C11: 87.883385 | D11: 89.446312 | E11: 88.604477 | F11: 90.578712 | G11: 88.920403 | H11: 87.536598 | I11: 87.471291 | J11: 87.496994 | K11: 87.590019 | L11: 87.590019 | M11: 86.183609 | N11: 85.91127 | O11: 83.507111 | P11: 83.481796 | Q11: 83.477814 | R11: 83.43618 | S11: 83.368553 | T11: 83.699066 | U11: 83.749588 | V11: 84.407234 | W11: 84.801208 | X11: 85.522034 | Y11: 85.522034 | Z11: 85.912575 | AA11: 85.914169 | AB11: 85.875031 | AC11: 85.938713 | AD11: 85.943932 | AE11: 85.943932 | AF11: 85.943932
A12: 14.2467 | B12: 89.537712 | C12: 89.585724 | D12: 89.747673 | E12: 89.747673 | F12: 92.364815 | G12: 92.185028 | H12: 90.182503 | I12: 89.662079 | J12: 89.605637 | K12: 89.709335 | L12: 89.668449 | M12: 89.694611 | N12: 89.958641 | O12: 89.839165 | P12: 87.957314 | Q12: 87.740219 | R12: 85.910934 | S12: 86.110344 | T12: 86.93795 | U12: 87.597839 | V12: 88.028091 | W12: 88.171852 | X12: 88.171852 | Y12: 88.165527 | Z12: 88.382713 | AA12: 88.389526 | AB12: 88.414207 | AC12: 88.414207 | AD12: 88.44709 | AE12: 88.482559 | AF12: 88.482559
A13: 14.7783 | B13: 90.827927 | C13: 90.772255 | D13: 90.875954 | E13: 90.900169 | F13: 90.900169 | G13: 93.620926 | H13: 93.950615 | I13: 91.916992 | J13: 90.872093 | K13: 90.894272 | L13: 90.712639 | M13: 90.800262 | N13: 90.867928 | O13: 90.095222 | P13: 90.135857 | Q13: 90.146576 | R13: 90.3993 | S13: 89.124069 | T13: 89.387917 | U13: 89.23777 | V13: 90.06501 | W13: 90.186188 | X13: 90.036049 | Y13: 90.036049 | Z13: 90.285629 | AA13: 90.320107 | AB13: 90.380257 | AC13: 90.380257 | AD13: 90.380257 | AE13: 90.380257 | AF13: 90.380257
... A32: 24.88 | B32: 93.034729 | C32: 92.682854 | D32: 93.081703 | E32: 93.052429 | F32: 93.097984 | G32: 93.018555 | H32: 93.008018 | I32: 92.936676 | J32: 92.906731 | K32: 92.845512 | L32: 92.627739 | M32: 92.677834 | N32: 92.535774 | O32: 92.567101 | P32: 92.389595 | Q32: 92.389595 | R32: 92.349167 | S32: 93.043037 | T32: 92.715126 | U32: 92.968163 | V32: 94.542068 | W32: 94.858032 | X32: 96.339455 | Y32: 96.554634 | Z32: 97.087372 | AA32: 99.930779 | AB32: 102.37146 | AC32: 102.4176 | AD32: 103.48261 | AE32: 109.28422 | AF32: 109.03016

Sheet XGB_R90_p10
A1: FeO \ Fe | B1: 37.3072 | C1: 37.973 | D1: 38.6387 | E1: 39.3045 | F1: 39.9702 | G1: 40.636 | H1: 41.3018 | I1: 41.9675 | J1: 42.6333 | K1: 43.299 | L1: 43.9648 | M1: 44.6306 | N1: 45.2963 | O1: 45.9621 | P1: 46.6278 | Q1: 47.2936 | R1: 47.9594 | S1: 48.6251 | T1: 49.2909 | U1: 49.9566 | V1: 50.6224 | W1: 51.2882 | X1: 51.9539 | Y1: 52.6197 | Z1: 53.2854 | AA1: 53.9512 | AB1: 54.617 | AC1: 55.2827 | AD1: 55.9485 | AE1: 56.6142 | AF1: 57.28
A2: 8.93 | B2: 67.138519 | C2: 67.62944 | D2: 67.97673 | E2: 67.252129 | F2: 67.517578 | G2: 67.311104 | H2: 68.18676 | I2: 69.02916 | J2: 69.778481 | K2: 68.26767 | L2: 67.581139 | M2: 69.996071 | N2: 69.297699 | O2: 70.532784 | P2: 70.117538 | Q2: 68.911194 | R2: 69.366051 | S2: 70.806145 | T2: 70.30468 | U2: 70.097084 | V2: 71.256218 | W2: 71.308342 | X2: 71.409904 | Y2: 71.057457 | Z2: 71.597221 | AA2: 72.181526 | AB2: 72.132195 | AC2: 72.149315 | AD2: 72.149315 | AE2: 72.149315 | AF2: 72.149315
A3: 9.4617 | B3: 66.81884 | C3: 65.895615 | D3: 67.032166 | E3: 67.960884 | F3: 66.771858 | G3: 66.583534 | H3: 67.064087 | I3: 68.348564 | J3: 68.425995 | K3: 68.197578 | L3: 67.58139 | M3: 67.278603 | N3: 68.864433 | O3: 70.065331 | P3: 69.650085 | Q3: 68.443741 | R3: 68.922516 | S3: 70.36261 | T3: 69.884094 | U3: 69.676498 | V3: 70.835632 | W3: 70.887756 | X3: 70.989319 | Y3: 70.636871 | Z3: 71.176636 | AA3: 71.760941 | AB3: 71.736183 | AC3: 73.324928 | AD3: 73.324928 | AE3: 73.324928 | AF3: 73.368706
A4: 9.9933 | B4: 66.31945 | C4: 67.255112 | D4: 66.386917 | E4: 66.943588 | F4: 67.437675 | G4: 66.195335 | H4: 66.880623 | I4: 67.439606 | J4: 67.863945 | K4: 67.186646 | L4: 67.52932 | M4: 67.138252 | N4: 66.39727 | O4: 70.048515 | P4: 69.40744 | Q4: 68.201096 | R4: 68.679871 | S4: 70.119965 | T4: 69.641449 | U4: 69.433853 | V4: 70.592987 | W4: 70.658752 | X4: 70.75943 | Y4: 72.029892 | Z4: 72.55117 | AA4: 73.140129 | AB4: 73.111458 | AC4: 73.128578 | AD4: 73.128578 | AE4: 73.173256 | AF4: 73.173256
A5: 10.525 | B5: 66.416153 | C5: 65.184601 | D5: 65.729858 | E5: 67.010574 | F5: 67.447861 | G5: 67.558876 | H5: 67.245216 | I5: 67.319038 | J5: 67.314301 | K5: 67.195923 | L5: 67.755562 | M5: 67.715195 | N5: 66.050072 | O5: 68.801094 | P5: 69.717316 | Q5: 68.118629 | R5: 68.597404 | S5: 70.021065 | T5: 69.565773 | U5: 71.064934 | V5: 72.135948 | W5: 72.161713 | X5: 72.320213 | Y5: 72.00116 | Z5: 72.521309 | AA5: 73.143967 | AB5: 73.068024 | AC5: 73.064819 | AD5: 73.064819 | AE5: 73.108574 | AF5: 73.108574
A6: 11.0567 | B6: 69.971115 | C6: 68.754333 | D6: 67.337471 | E6: 67.175049 | F6: 67.568886 | G6: 67.448067 | H6: 68.540184 | I6: 69.303444 | J6: 68.957512 | K6: 67.734283 | L6: 68.315865 | M6: 69.070152 | N6: 67.692406 | O6: 68.352623 | P6: 69.23336 | Q6: 70.778526 | R6: 70.99379 | S6: 72.418907 | T6: 71.966667 | U6: 71.756683 | V6: 72.869026 | W6: 72.932121 | X6: 73.050987 | Y6: 72.665482 | Z6: 73.325531 | AA6: 73.914268 | AB6: 73.863182 | AC6: 73.880302 | AD6: 73.880302 | AE6: 73.914436 | AF6: 73.739006
A7: 11.5883 | B7: 79.061874 | C7: 75.305672 | D7: 73.191971 | E7: 69.556335 | F7: 69.711708 | G7: 69.044899 | H7: 69.52462 | I7: 69.281563 | J7: 69.312119 | K7: 69.365128 | L7: 69.780418 | M7: 70.524673 | N7: 72.044548 | O7: 72.528191 | P7: 71.200089 | Q7: 72.154022 | R7: 72.526962 | S7: 73.798668 | T7: 73.323746 | U7: 73.107536 | V7: 74.235809 | W7: 74.287041 | X7: 74.466614 | Y7: 74.152786 | Z7: 74.710556 | AA7: 75.304573 | AB7: 75.126129 | AC7: 75.236229 | AD7: 75.385628 | AE7: 76.965393 | AF7: 76.948112
A8: 12.12 | B8: 76.242279 | C8: 79.202698 | D8: 78.995537 | E8: 76.720512 | F8: 73.785538 | G8: 69.179802 | H8: 70.54303 | I8: 71.859566 | J8: 69.497322 | K8: 70.300385 | L8: 70.597328 | M8: 71.546165 | N8: 71.458977 | O8: 73.327789 | P8: 72.539902 | Q8: 69.903023 | R8: 72.875008 | S8: 73.966362 | T8: 73.478004 | U8: 73.277618 | V8: 74.486137 | W8: 74.512161 | X8: 74.675301 | Y8: 74.220413 | Z8: 75.015778 | AA8: 77.421158 | AB8: 77.341316 | AC8: 77.48278 | AD8: 77.638138 | AE8: 77.552498 | AF8: 77.840172
A9: 12.6517 | B9: 77.808159 | C9: 77.125603 | D9: 78.20536 | E9: 78.245239 | F9: 77.356911 | G9: 77.441261 | H9: 75.311852 | I9: 76.339706 | J9: 73.080009 | K9: 71.549408 | L9: 71.968498 | M9: 71.309898 | N9: 70.899117 | O9: 72.697052 | P9: 72.339958 | Q9: 70.49794 | R9: 70.922638 | S9: 75.339363 | T9: 74.412613 | U9: 73.796608 | V9: 74.975014 | W9: 75.175789 | X9: 77.008385 | Y9: 76.642296 | Z9: 77.690338 | AA9: 78.04364 | AB9: 78.106499 | AC9: 78.268044 | AD9: 80.186676 | AE9: 80.0364 | AF9: 80.0364
A10: 13.1833 | B10: 77.781738 | C10: 77.236031 | D10: 76.934113 | E10: 78.492195 | F10: 78.737114 | G10: 76.493401 | H10: 78.512207 | I10: 78.785622 | J10: 79.025818 | K10: 75.513947 | L10: 74.707375 | M10: 71.716461 | N10: 70.755165 | O10: 72.90416 | P10: 72.257072 | Q10: 70.232796 | R10: 69.6371 | S10: 72.983902 | T10: 74.588066 | U10: 75.766899 | V10: 77.301636 | W10: 77.405472 | X10: 77.197845 | Y10: 76.746292 | Z10: 78.274109 | AA10: 80.234467 | AB10: 80.02533 | AC10: 80.212379 | AD10: 80.656448 | AE10: 80.388268 | AF10: 80.619278
A11: 13.715 | B11: 80.571175 | C11: 81.749214 | D11: 81.871704 | E11: 81.555023 | F11: 83.578407 | G11: 81.65023 | H11: 80.89225 | I11: 80.798485 | J11: 81.264526 | K11: 81.802048 | L11: 81.801949 | M11: 79.789703 | N11: 77.763252 | O11: 75.819542 | P11: 76.020348 | Q11: 75.277229 | R11: 77.120728 | S11: 77.173088 | T11: 78.218666 | U11: 79.433182 | V11: 80.853096 | W11: 81.437683 | X11: 82.660843 | Y11: 82.283707 | Z11: 83.857811 | AA11: 84.138527 | AB11: 83.985802 | AC11: 84.201248 | AD11: 84.52742 | AE11: 84.191124 | AF11: 84.042458
A12: 14.2467 | B12: 83.322563 | C12: 84.826744 | D12: 83.375214 | E12: 83.832809 | F12: 86.667572 | G12: 86.595459 | H12: 85.187569 | I12: 84.695366 | J12: 84.424355 | K12: 83.988235 | L12: 83.882286 | M12: 84.496529 | N12: 83.698311 | O12: 86.838257 | P12: 83.677933 | Q12: 83.106407 | R12: 81.902229 | S12: 82.561371 | T12: 81.533958 | U12: 85.898514 | V12: 86.511047 | W12: 87.256729 | X12: 87.009689 | Y12: 86.625221 | Z12: 87.474487 | AA12: 88.352623 | AB12: 88.194633 | AC12: 88.29702 | AD12: 88.216377 | AE12: 88.406784 | AF12: 88.428429
A13: 14.7783 | B13: 86.990814 | C13: 86.788467 | D13: 85.055931 | E13: 86.175552 | F13: 85.522697 | G13: 88.108284 | H13: 88.968376 | I13: 88.209686 | J13: 87.578621 | K13: 85.430153 | L13: 85.808716 | M13: 88.657791 | N13: 85.430984 | O13: 87.741661 | P13: 88.133087 | Q13: 87.219498 | R13: 89.807571 | S13: 88.385628 | T13: 86.152763 | U13: 84.709557 | V13: 89.11956 | W13: 89.45636 | X13: 89.603081 | Y13: 88.669662 | Z13: 89.571266 | AA13: 90.412384 | AB13: 90.776215 | AC13: 90.703865 | AD13: 90.751579 | AE13: 90.759087 | AF13: 90.697685
... A32: 24.88 | B32: 91.674355 | C32: 90.892372 | D32: 90.657043 | E32: 90.64328 | F32: 90.514633 | G32: 90.352829 | H32: 90.564873 | I32: 90.591347 | J32: 90.798691 | K32: 90.173073 | L32: 90.030655 | M32: 90.292244 | N32: 91.207733 | O32: 93.223213 | P32: 92.913658 | Q32: 92.250977 | R32: 93.782608 | S32: 95.314369 | T32: 94.522514 | U32: 94.692497 | V32: 95.445343 | W32: 95.403694 | X32: 95.25309 | Y32: 95.250549 | Z32: 95.406349 | AA32: 96.656898 | AB32: 97.313118 | AC32: 97.655487 | AD32: 98.244186 | AE32: 101.39794 | AF32: 101.39794

Sheet XGB_R90_mean
A1: FeO \ Fe | B1: 37.3072 | C1: 37.973 | D1: 38.6387 | E1: 39.3045 | F1: 39.9702 | G1: 40.636 | H1: 41.3018 | I1: 41.9675 | J1: 42.6333 | K1: 43.299 | L1: 43.9648 | M1: 44.6306 | N1: 45.2963 | O1: 45.9621 | P1: 46.6278 | Q1: 47.2936 | R1: 47.9594 | S1: 48.6251 | T1: 49.2909 | U1: 49.9566 | V1: 50.6224 | W1: 51.2882 | X1: 51.9539 | Y1: 52.6197 | Z1: 53.2854 | AA1: 53.9512 | AB1: 54.617 | AC1: 55.2827 | AD1: 55.9485 | AE1: 56.6142 | AF1: 57.28
A2: 8.93 | B2: 68.429619 | C2: 68.650391 | D2: 68.744041 | E2: 68.573059 | F2: 68.726639 | G2: 68.546448 | H2: 68.973839 | I2: 69.507889 | J2: 70.340805 | K2: 69.549561 | L2: 69.252151 | M2: 70.661011 | N2: 70.452744 | O2: 71.298294 | P2: 71.072296 | Q2: 70.494194 | R2: 70.399605 | S2: 71.3172 | T2: 71.163132 | U2: 71.216339 | V2: 71.639526 | W2: 71.753601 | X2: 71.831024 | Y2: 71.761078 | Z2: 72.160118 | AA2: 72.411118 | AB2: 72.385559 | AC2: 72.394119 | AD2: 72.394119 | AE2: 72.394119 | AF2: 72.394119
A3: 9.4617 | B3: 68.082535 | C3: 67.770325 | D3: 68.221329 | E3: 68.582962 | F3: 68.088364 | G3: 68.137238 | H3: 68.143997 | I3: 68.996933 | J3: 69.316429 | K3: 69.290276 | L3: 68.957413 | M3: 69.097084 | N3: 70.084816 | O3: 70.930367 | P3: 70.704361 | Q3: 70.126266 | R3: 70.031677 | S3: 70.940216 | T3: 70.818153 | U3: 70.871353 | V3: 71.280144 | W3: 71.408623 | X3: 71.486038 | Y3: 71.416092 | Z3: 71.800735 | AA3: 72.045807 | AB3: 72.020248 | AC3: 73.444443 | AD3: 73.444443 | AE3: 73.444443 | AF3: 73.48822
A4: 9.9933 | B4: 67.961533 | C4: 68.349762 | D4: 68.088715 | E4: 68.108589 | F4: 68.182991 | G4: 67.771393 | H4: 68.013687 | I4: 68.24675 | J4: 68.797203 | K4: 68.52066 | L4: 68.831879 | M4: 68.632668 | N4: 68.584656 | O4: 70.730118 | P4: 70.461716 | Q4: 69.883621 | R4: 69.789032 | S4: 70.697571 | T4: 70.575508 | U4: 70.628708 | V4: 71.037498 | W4: 71.165977 | X4: 71.243393 | Y4: 72.55616 | Z4: 72.993484 | AA4: 73.254814 | AB4: 73.253281 | AC4: 73.261597 | AD4: 73.261597 | AE4: 73.306274 | AF4: 73.306274
A5: 10.525 | B5: 67.884033 | C5: 66.990463 | D5: 67.239235 | E5: 68.267601 | F5: 68.52739 | G5: 68.652931 | H5: 68.2668 | I5: 68.242294 | J5: 68.520554 | K5: 68.496208 | L5: 68.960686 | M5: 69.077751 | N5: 68.339279 | O5: 70.018066 | P5: 70.669937 | Q5: 69.85083 | R5: 69.756241 | S5: 70.66478 | T5: 70.542717 | U5: 72.033615 | V5: 72.415863 | W5: 72.515884 | X5: 72.6595 | Y5: 72.589317 | Z5: 73.011185 | AA5: 73.279564 | AB5: 73.242744 | AC5: 73.241142 | AD5: 73.241142 | AE5: 73.252945 | AF5: 73.252945
A6: 11.0567 | B6: 70.938034 | C6: 70.168365 | D6: 68.922241 | E6: 68.510826 | F6: 68.715637 | G6: 68.823494 | H6: 69.445297 | I6: 69.891083 | J6: 69.997833 | K6: 69.15229 | L6: 69.578201 | M6: 70.080391 | N6: 69.570831 | O6: 70.193802 | P6: 70.654991 | Q6: 72.27829 | R6: 72.049179 | S6: 72.940353 | T6: 72.803932 | U6: 72.857132 | V6: 73.232407 | W6: 73.359131 | X6: 73.461182 | Y6: 73.391228 | Z6: 73.836777 | AA6: 74.044701 | AB6: 74.032059 | AC6: 74.039558 | AD6: 74.039558 | AE6: 74.116051 | AF6: 73.986763
A7: 11.5883 | B7: 79.515793 | C7: 75.842209 | D7: 74.232117 | E7: 70.782898 | F7: 70.696655 | G7: 70.116409 | H7: 70.066025 | I7: 70.110588 | J7: 70.39328 | K7: 70.383095 | L7: 70.638901 | M7: 71.203308 | N7: 72.872482 | O7: 73.239609 | P7: 72.584671 | Q7: 73.235245 | R7: 73.106216 | S7: 74.013901 | T7: 73.83638 | U7: 73.867073 | V7: 74.386742 | W7: 74.455643 | X7: 74.585915 | Y7: 74.513954 | Z7: 74.973038 | AA7: 75.509018 | AB7: 75.290977 | AC7: 75.401077 | AD7: 75.550476 | AE7: 77.238487 | AF7: 77.178131
A8: 12.12 | B8: 78.141846 | C8: 80.086929 | D8: 79.969109 | E8: 78.104965 | F8: 75.014122 | G8: 71.518265 | H8: 71.831894 | I8: 72.362556 | J8: 71.057037 | K8: 71.938507 | L8: 72.057327 | M8: 72.738106 | N8: 73.055038 | O8: 74.178322 | P8: 73.797966 | Q8: 72.440201 | R8: 73.828758 | S8: 74.56411 | T8: 74.392975 | U8: 74.441956 | V8: 74.926498 | W8: 75.01622 | X8: 75.150078 | Y8: 75.066772 | Z8: 75.674133 | AA8: 77.596924 | AB8: 77.569199 | AC8: 77.663078 | AD8: 77.798607 | AE8: 77.724518 | AF8: 78.020584
A9: 12.6517 | B9: 79.189713 | C9: 78.774536 | D9: 79.354584 | E9: 79.370155 | F9: 78.871223 | G9: 78.63488 | H9: 76.598366 | I9: 76.822311 | J9: 73.888901 | K9: 73.100769 | L9: 73.286392 | M9: 72.580734 | N9: 72.513977 | O9: 73.852478 | P9: 73.697823 | Q9: 72.594635 | R9: 72.717255 | S9: 75.460609 | T9: 75.028954 | U9: 74.811699 | V9: 75.311165 | W9: 75.55426 | X9: 77.256927 | Y9: 77.184235 | Z9: 77.933273 | AA9: 78.22345 | AB9: 78.286171 | AC9: 78.51915 | AD9: 80.473053 | AE9: 80.358765 | AF9: 80.258888
A10: 13.1833 | B10: 79.478195 | C10: 79.089188 | D10: 79.017487 | E10: 79.880753 | F10: 80.103897 | G10: 78.68306 | H10: 79.72065 | I10: 79.754662 | J10: 80.083786 | K10: 77.083328 | L10: 76.487541 | M10: 73.585541 | N10: 73.172333 | O10: 74.436798 | P10: 73.768364 | Q10: 72.742905 | R10: 72.157486 | S10: 74.201965 | T10: 75.628067 | U10: 77.073463 | V10: 77.732689 | W10: 77.980659 | X10: 77.729202 | Y10: 77.672523 | Z10: 78.816536 | AA10: 80.459404 | AB10: 80.274529 | AC10: 80.533768 | AD10: 80.997162 | AE10: 80.868164 | AF10: 81.106857
A11: 13.715 | B11: 82.12114 | C11: 83.000351 | D11: 83.196655 | E11: 83.087784 | F11: 84.196091 | G11: 83.139328 | H11: 82.223694 | I11: 81.871353 | J11: 82.33226 | K11: 82.932419 | L11: 83.036179 | M11: 80.823395 | N11: 79.649979 | O11: 77.361801 | P11: 77.43026 | Q11: 77.050102 | R11: 78.219635 | S11: 78.194901 | T11: 79.220154 | U11: 80.196289 | V11: 80.986465 | W11: 81.584564 | X11: 82.846397 | Y11: 82.558975 | Z11: 84.103806 | AA11: 84.293709 | AB11: 84.139252 | AC11: 84.344284 | AD11: 84.669174 | AE11: 84.399574 | AF11: 84.229271
A12: 14.2467 | B12: 84.804405 | C12: 85.588852 | D12: 84.966301 | E12: 85.208328 | F12: 87.131104 | G12: 87.3414 | H12: 86.040199 | I12: 85.575729 | J12: 85.643097 | K12: 85.078796 | L12: 85.017609 | M12: 86.023285 | N12: 85.638039 | O12: 87.847939 | P12: 84.648392 | Q12: 84.370758 | R12: 82.347794 | S12: 82.683296 | T12: 82.555611 | U12: 86.146286 | V12: 86.767639 | W12: 87.444412 | X12: 87.186646 | Y12: 87.054268 | Z12: 87.65567 | AA12: 88.629791 | AB12: 88.40773 | AC12: 88.514359 | AD12: 88.443893 | AE12: 88.711624 | AF12: 88.761551
A13: 14.7783 | B13: 88.076141 | C13: 87.973251 | D13: 86.87249 | E13: 87.381912 | F13: 87.233032 | G13: 88.951767 | H13: 89.337097 | I13: 88.879814 | J13: 88.392799 | K13: 87.389778 | L13: 87.252106 | M13: 89.493011 | N13: 87.784927 | O13: 88.845123 | P13: 89.114662 | Q13: 88.75325 | R13: 90.221512 | S13: 88.585159 | T13: 86.973679 | U13: 86.567451 | V13: 89.330032 | W13: 89.827423 | X13: 89.916 | Y13: 89.410072 | Z13: 90.113884 | AA13: 90.568871 | AB13: 91.010391 | AC13: 91.001587 | AD13: 91.188416 | AE13: 91.210846 | AF13: 91.191132
... A32: 24.88 | B32: 92.564735 | C32: 91.879005 | D32: 91.680374 | E32: 91.683243 | F32: 91.554588 | G32: 91.556076 | H32: 91.588608 | I32: 91.613503 | J32: 91.948608 | K32: 91.765335 | L32: 91.925262 | M32: 92.085938 | N32: 93.567429 | O32: 94.578064 | P32: 94.322411 | Q32: 94.155014 | R32: 94.805801 | S32: 95.835022 | T32: 95.180328 | U32: 95.26593 | V32: 96.900932 | W32: 96.673492 | X32: 95.648468 | Y32: 95.756737 | Z32: 97.080444 | AA32: 100.01956 | AB32: 101.43195 | AC32: 101.70311 | AD32: 102.55292 | AE32: 106.85429 | AF32: 106.987

Sheet XGB_R90_p90
A1: FeO \ Fe | B1: 37.3072 | C1: 37.973 | D1: 38.6387 | E1: 39.3045 | F1: 39.9702 | G1: 40.636 | H1: 41.3018 | I1: 41.9675 | J1: 42.6333 | K1: 43.299 | L1: 43.9648 | M1: 44.6306 | N1: 45.2963 | O1: 45.9621 | P1: 46.6278 | Q1: 47.2936 | R1: 47.9594 | S1: 48.6251 | T1: 49.2909 | U1: 49.9566 | V1: 50.6224 | W1: 51.2882 | X1: 51.9539 | Y1: 52.6197 | Z1: 53.2854 | AA1: 53.9512 | AB1: 54.617 | AC1: 55.2827 | AD1: 55.9485 | AE1: 56.6142 | AF1: 57.28
A2: 8.93 | B2: 78.052315 | C2: 78.052315 | D2: 78.052315 | E2: 78.052315 | F2: 78.052315 | G2: 78.052315 | H2: 78.243134 | I2: 78.383583 | J2: 78.589928 | K2: 78.589928 | L2: 78.57663 | M2: 78.788574 | N2: 78.877182 | O2: 78.952873 | P2: 79.026855 | Q2: 78.972862 | R2: 78.883797 | S2: 79.107185 | T2: 79.197716 | U2: 79.197716 | V2: 79.391525 | W2: 79.391525 | X2: 79.391525 | Y2: 79.391525 | Z2: 79.391525 | AA2: 79.391525 | AB2: 79.391525 | AC2: 79.391525 | AD2: 79.391525 | AE2: 79.391525 | AF2: 79.391525
A3: 9.4617 | B3: 77.88678 | C3: 77.88678 | D3: 77.88678 | E3: 77.88678 | F3: 77.88678 | G3: 77.88678 | H3: 77.921944 | I3: 78.261803 | J3: 78.323067 | K3: 78.46814 | L3: 78.421722 | M3: 78.50135 | N3: 78.789406 | O3: 78.865097 | P3: 78.939079 | Q3: 78.885086 | R3: 78.796021 | S3: 79.019417 | T3: 79.109947 | U3: 79.109947 | V3: 79.303757 | W3: 79.303757 | X3: 79.303757 | Y3: 79.303757 | Z3: 79.303757 | AA3: 79.303757 | AB3: 79.303757 | AC3: 79.606255 | AD3: 79.606255 | AE3: 79.606255 | AF3: 79.606255
A4: 9.9933 | B4: 77.961044 | C4: 77.961044 | D4: 77.961044 | E4: 77.830589 | F4: 77.830589 | G4: 77.830589 | H4: 77.830589 | I4: 77.993645 | J4: 78.134094 | K4: 78.195351 | L4: 78.340431 | M4: 78.294014 | N4: 78.462242 | O4: 78.737389 | P4: 78.811371 | Q4: 78.757378 | R4: 78.668312 | S4: 78.891701 | T4: 78.982231 | U4: 78.982231 | V4: 79.176048 | W4: 79.176048 | X4: 79.176048 | Y4: 79.478546 | Z4: 79.478546 | AA4: 79.478546 | AB4: 79.478546 | AC4: 79.478546 | AD4: 79.478546 | AE4: 79.478546 | AF4: 79.478546
A5: 10.525 | B5: 77.70475 | C5: 77.750526 | D5: 77.750526 | E5: 77.961044 | F5: 77.961044 | G5: 77.961044 | H5: 77.830589 | I5: 77.874344 | J5: 77.993645 | K5: 78.134094 | L5: 78.264328 | M5: 78.340431 | N5: 78.382622 | O5: 78.650757 | P5: 78.811371 | Q5: 78.757378 | R5: 78.668312 | S5: 78.891701 | T5: 78.982231 | U5: 79.329857 | V5: 79.478546 | W5: 79.478546 | X5: 79.478546 | Y5: 79.478546 | Z5: 79.478546 | AA5: 79.478546 | AB5: 79.478546 | AC5: 79.478546 | AD5: 79.478546 | AE5: 79.478546 | AF5: 79.478546
A6: 11.0567 | B6: 78.820503 | C6: 78.66362 | D6: 78.047867 | E6: 77.77877 | F6: 77.851738 | G6: 77.851738 | H6: 78.062256 | I6: 78.10601 | J6: 78.10601 | K6: 78.094856 | L6: 78.235306 | M6: 78.36554 | N6: 78.530251 | O6: 78.592644 | P6: 78.825951 | Q6: 79.260941 | R6: 79.127075 | S6: 79.350471 | T6: 79.431068 | U6: 79.431068 | V6: 79.579758 | W6: 79.579758 | X6: 79.579758 | Y6: 79.579758 | Z6: 79.579758 | AA6: 79.579758 | AB6: 79.579758 | AC6: 79.579758 | AD6: 79.579758 | AE6: 79.65625 | AF6: 79.65625
A7: 11.5883 | B7: 84.35479 | C7: 82.098061 | D7: 81.658493 | E7: 79.286339 | F7: 79.12809 | G7: 78.347382 | H7: 78.24324 | I7: 78.359962 | J7: 78.359962 | K7: 78.57048 | L7: 78.689781 | M7: 78.830231 | N7: 79.617226 | O7: 79.611992 | P7: 79.627914 | Q7: 79.769203 | R7: 79.635338 | S7: 79.858734 | T7: 79.939331 | U7: 79.939331 | V7: 80.219269 | W7: 80.219269 | X7: 80.219269 | Y7: 80.219269 | Z7: 80.219269 | AA7: 80.295761 | AB7: 80.295761 | AC7: 80.388741 | AD7: 80.538139 | AE7: 81.235886 | AF7: 81.235886
A8: 12.12 | B8: 84.900856 | C8: 85.061821 | D8: 85.095657 | E8: 84.341034 | F8: 82.965324 | G8: 80.597275 | H8: 80.389442 | I8: 80.274948 | J8: 79.389198 | K8: 79.752655 | L8: 79.860786 | M8: 80.085373 | N8: 80.307892 | O8: 80.373978 | P8: 80.403191 | Q8: 80.338814 | R8: 80.401649 | S8: 80.625038 | T8: 80.705635 | U8: 80.705635 | V8: 80.98558 | W8: 80.98558 | X8: 81.062073 | Y8: 81.098503 | Z8: 81.304451 | AA8: 82.00219 | AB8: 82.00219 | AC8: 82.00219 | AD8: 82.017914 | AE8: 82.045486 | AF8: 82.313713
A9: 12.6517 | B9: 84.841454 | C9: 84.783028 | D9: 84.966331 | E9: 84.966331 | F9: 84.865959 | G9: 84.865959 | H9: 83.498848 | I9: 83.396423 | J9: 80.80674 | K9: 80.689217 | L9: 80.554695 | M9: 79.998291 | N9: 80.138741 | O9: 80.230042 | P9: 80.335358 | Q9: 80.402153 | R9: 80.347908 | S9: 80.814545 | T9: 80.922096 | U9: 80.875549 | V9: 81.248474 | W9: 81.397873 | X9: 82.095612 | Y9: 82.095612 | Z9: 82.16748 | AA9: 82.138908 | AB9: 82.262589 | AC9: 82.407135 | AD9: 83.784355 | AE9: 83.784355 | AF9: 83.784355
A10: 13.1833 | B10: 84.791336 | C10: 84.850517 | D10: 84.850517 | E10: 84.869957 | F10: 84.882874 | G10: 84.830177 | H10: 84.830177 | I10: 84.864014 | J10: 84.766083 | K10: 83.512604 | L10: 83.183853 | M10: 80.93647 | N10: 80.935585 | O10: 80.86628 | P10: 80.373833 | Q10: 80.480774 | R10: 80.419876 | S10: 81.023689 | T10: 81.495483 | U10: 82.148109 | V10: 82.428047 | W10: 82.450378 | X10: 82.375259 | Y10: 82.49894 | Z10: 83.133972 | AA10: 83.996025 | AB10: 84.020706 | AC10: 84.134865 | AD10: 84.384132 | AE10: 84.320312 | AF10: 84.383995
A11: 13.715 | B11: 86.94091 | C11: 87.035408 | D11: 87.035408 | E11: 87.035408 | F11: 87.137192 | G11: 87.077477 | H11: 86.885376 | I11: 86.966888 | J11: 87.036385 | K11: 87.070221 | L11: 87.124886 | M11: 86.042984 | N11: 85.682594 | O11: 83.366058 | P11: 83.447273 | Q11: 83.53775 | R11: 83.535522 | S11: 83.540016 | T11: 83.902107 | U11: 83.998688 | V11: 84.54686 | W11: 84.987808 | X11: 85.762527 | Y11: 85.762527 | Z11: 86.133163 | AA11: 86.187241 | AB11: 86.148102 | AC11: 86.211784 | AD11: 86.259102 | AE11: 86.259102 | AF11: 86.259102
A12: 14.2467 | B12: 89.292503 | C12: 89.351685 | D12: 89.310799 | E12: 89.300224 | F12: 89.529633 | G12: 89.573006 | H12: 89.455147 | I12: 89.357758 | J12: 89.329689 | K12: 89.326714 | L12: 89.381378 | M12: 89.463219 | N12: 89.75563 | O12: 89.686523 | P12: 88.144547 | Q12: 88.113998 | R12: 86.303505 | S12: 86.60778 | T12: 87.411034 | U12: 88.204704 | V12: 88.489594 | W12: 88.850136 | X12: 88.850136 | Y12: 88.803642 | Z12: 88.867325 | AA12: 89.067169 | AB12: 88.993401 | AC12: 88.993401 | AD12: 89.026283 | AE12: 89.061752 | AF12: 89.079758
A13: 14.7783 | B13: 91.158463 | C13: 91.169998 | D13: 90.940155 | E13: 90.990509 | F13: 90.990509 | G13: 91.327751 | H13: 91.327751 | I13: 91.202942 | J13: 91.19838 | K13: 91.161377 | L13: 90.948212 | M13: 91.263969 | N13: 91.255211 | O13: 90.77063 | P13: 90.826241 | Q13: 90.870277 | R13: 91.087593 | S13: 90.295349 | T13: 90.435822 | U13: 90.423241 | V13: 90.854446 | W13: 90.975624 | X13: 90.837456 | Y13: 90.832993 | Z13: 90.883469 | AA13: 90.968414 | AB13: 91.173325 | AC13: 91.155716 | AD13: 91.445724 | AE13: 91.561775 | AF13: 91.51899
... A32: 24.88 | B32: 93.104538 | C32: 92.662338 | D32: 92.592316 | E32: 92.622421 | F32: 92.569656 | G32: 92.618019 | H32: 92.618019 | I32: 92.622635 | J32: 92.771027 | K32: 92.739716 | L32: 93.043762 | M32: 93.124886 | N32: 95.155701 | O32: 95.239365 | P32: 95.107864 | Q32: 95.356354 | R32: 95.687782 | S32: 96.294327 | T32: 95.787453 | U32: 95.705238 | V32: 97.107819 | W32: 96.920555 | X32: 96.032761 | Y32: 96.114227 | Z32: 97.216324 | AA32: 100.81772 | AB32: 102.58302 | AC32: 102.56311 | AD32: 102.94427 | AE32: 107.9353 | AF32: 108.22815

Sheet Calculator_RF
A1: Inputs | D1: Helpers
A2: Fe | B2: 47.2936 | D2: c2 | E2: =MATCH(B2,RF_R50_mean!B1:AF1,1)
A3: FeO | B3: 16.905 | D3: c1 | E3: =MAX(1,E2)
A4: Recovery | B4: 0.71549743 | D4: c3 | E4: =MIN(E2+1,COLUMNS(RF_R50_mean!B1:AF1))
D5: r2 | E5: =MATCH(B3,RF_R50_mean!A2:A32,1)
A6: Outputs | D6: r1 | E6: =MAX(1,E5)
A7: Predicted Ton/h (P10) | B7: =IF(B4<=0.71549743, F17 + (G17-F17)*(B4-0.58743728)/(0.71549743-0.58743728), G17 + (H17-G17)*(B4-0.71549743)/(0.81934153-0.71549743)) | D7: r3 | E7: =MIN(E5+1,ROWS(RF_R50_mean!A2:A32))
A8: Predicted Ton/h (P50) | B8: =IF(B4<=0.71549743, F20 + (G20-F20)*(B4-0.58743728)/(0.71549743-0.58743728), G20 + (H20-G20)*(B4-0.71549743)/(0.81934153-0.71549743)) | D8: x0 | E8: =INDEX(RF_R50_mean!B1:AF1,E3)
A9: Predicted Ton/h (P90) | B9: =IF(B4<=0.71549743, F23 + (G23-F23)*(B4-0.58743728)/(0.71549743-0.58743728), G23 + (H23-G23)*(B4-0.71549743)/(0.81934153-0.71549743)) | D9: x1 | E9: =INDEX(RF_R50_mean!B1:AF1,E4)
A10: Range Width (P90 - P10) | B10: =B9-B7 | D10: y0 | E10: =INDEX(RF_R50_mean!A2:A32,E6)
A11: Inside Optimal Corridor? | D11: y1 | E11: =INDEX(RF_R50_mean!A2:A32,E7)
A13: Recovery bounds | B13: 0.41898739 | C13: 0.95773381 | F13: =INDEX(RF_R10_p10!B2:AF32,E6,E3) | G13: =INDEX(RF_R10_p10!B2:AF32,E6,E4) | H13: =INDEX(RF_R50_p10!B2:AF32,E6,E3) | I13: =INDEX(RF_R50_p10!B2:AF32,E6,E4) | J13: =INDEX(RF_R90_p10!B2:AF32,E6,E3) | K13: =INDEX(RF_R90_p10!B2:AF32,E6,E4) | L13: =INDEX(RF_R10_mean!B2:AF32,E6,E3) | M13: =INDEX(RF_R10_mean!B2:AF32,E6,E4) | N13: =INDEX(RF_R50_mean!B2:AF32,E6,E3) | O13: =INDEX(RF_R50_mean!B2:AF32,E6,E4) | P13: =INDEX(RF_R90_mean!B2:AF32,E6,E3) | Q13: =INDEX(RF_R90_mean!B2:AF32,E6,E4) | R13: =INDEX(RF_R10_p90!B2:AF32,E6,E3) | S13: =INDEX(RF_R10_p90!B2:AF32,E6,E4) | T13: =INDEX(RF_R50_p90!B2:AF32,E6,E3) | U13: =INDEX(RF_R50_p90!B2:AF32,E6,E4) | V13: =INDEX(RF_R90_p90!B2:AF32,E6,E3) | W13: =INDEX(RF_R90_p90!B2:AF32,E6,E4)
F14: =INDEX(RF_R10_p10!B2:AF32,E7,E3) | G14: =INDEX(RF_R10_p10!B2:AF32,E7,E4) | H14: =INDEX(RF_R50_p10!B2:AF32,E7,E3) | I14: =INDEX(RF_R50_p10!B2:AF32,E7,E4) | J14: =INDEX(RF_R90_p10!B2:AF32,E7,E3) | K14: =INDEX(RF_R90_p10!B2:AF32,E7,E4) | L14: =INDEX(RF_R10_mean!B2:AF32,E7,E3) | M14: =INDEX(RF_R10_mean!B2:AF32,E7,E4) | N14: =INDEX(RF_R50_mean!B2:AF32,E7,E3) | O14: =INDEX(RF_R50_mean!B2:AF32,E7,E4) | P14: =INDEX(RF_R90_mean!B2:AF32,E7,E3) | Q14: =INDEX(RF_R90_mean!B2:AF32,E7,E4) | R14: =INDEX(RF_R10_p90!B2:AF32,E7,E3) | S14: =INDEX(RF_R10_p90!B2:AF32,E7,E4) | T14: =INDEX(RF_R50_p90!B2:AF32,E7,E3) | U14: =INDEX(RF_R50_p90!B2:AF32,E7,E4) | V14: =INDEX(RF_R90_p90!B2:AF32,E7,E3) | W14: =INDEX(RF_R90_p90!B2:AF32,E7,E4)
F16: P10_R10 | G16: P10_R50 | H16: P10_R90
F17: =(F13)*($E$9-B2)*($E$11-B3)/(( $E$9-$E$8)*( $E$11-$E$10)) + (G13)*(B2-$E$8)*($E$11-B3)/(( $E$9-$E$8)*( $E$11-$E$10)) + (F14)*($E$9-B2)*(B3-$E$10)/(( $E$9-$E$8)*( $E$11-$E$10)) + (G14)*(B2-$E$8)*(B3-$E$10)/(( $E$9-$E$8)*( $E$11-$E$10)) | G17: =(H13)*($E$9-B2)*($E$11-B3)/(( $E$9-$E$8)*( $E$11-$E$10)) + (I13)*(B2-$E$8)*($E$11-B3)/(( $E$9-$E$8)*( $E$11-$E$10)) + (H14)*($E$9-B2)*(B3-$E$10)/(( $E$9-$E$8)*( $E$11-$E$10)) + (I14)*(B2-$E$8)*(B3-$E$10)/(( $E$9-$E$8)*( $E$11-$E$10)) | H17: =(J13)*($E$9-B2)*($E$11-B3)/(( $E$9-$E$8)*( $E$11-$E$10)) + (K13)*(B2-$E$8)*($E$11-B3)/(( $E$9-$E$8)*( $E$11-$E$10)) + (J14)*($E$9-B2)*(B3-$E$10)/(( $E$9-$E$8)*( $E$11-$E$10)) + (K14)*(B2-$E$8)*(B3-$E$10)/(( $E$9-$E$8)*( $E$11-$E$10))
F19: P50_R10 | G19: P50_R50 | H19: P50_R90
F20: =(L13)*($E$9-B2)*($E$11-B3)/(( $E$9-$E$8)*( $E$11-$E$10)) + (M13)*(B2-$E$8)*($E$11-B3)/(( $E$9-$E$8)*( $E$11-$E$10)) + (L14)*($E$9-B2)*(B3-$E$10)/(( $E$9-$E$8)*( $E$11-$E$10)) + (M14)*(B2-$E$8)*(B3-$E$10)/(( $E$9-$E$8)*( $E$11-$E$10)) | G20: =(N13)*($E$9-B2)*($E$11-B3)/(( $E$9-$E$8)*( $E$11-$E$10)) + (O13)*(B2-$E$8)*($E$11-B3)/(( $E$9-$E$8)*( $E$11-$E$10)) + (N14)*($E$9-B2)*(B3-$E$10)/(( $E$9-$E$8)*( $E$11-$E$10)) + (O14)*(B2-$E$8)*(B3-$E$10)/(( $E$9-$E$8)*( $E$11-$E$10)) | H20: =(P13)*($E$9-B2)*($E$11-B3)/(( $E$9-$E$8)*( $E$11-$E$10)) + (Q13)*(B2-$E$8)*($E$11-B3)/(( $E$9-$E$8)*( $E$11-$E$10)) + (P14)*($E$9-B2)*(B3-$E$10)/(( $E$9-$E$8)*( $E$11-$E$10)) + (Q14)*(B2-$E$8)*(B3-$E$10)/(( $E$9-$E$8)*( $E$11-$E$10))
F22: P90_R10 | G22: P90_R50 | H22: P90_R90
F23: =(R13)*($E$9-B2)*($E$11-B3)/(( $E$9-$E$8)*( $E$11-$E$10)) + (S13)*(B2-$E$8)*($E$11-B3)/(( $E$9-$E$8)*( $E$11-$E$10)) + (R14)*($E$9-B2)*(B3-$E$10)/(( $E$9-$E$8)*( $E$11-$E$10)) + (S14)*(B2-$E$8)*(B3-$E$10)/(( $E$9-$E$8)*( $E$11-$E$10)) | G23: =(T13)*($E$9-B2)*($E$11-B3)/(( $E$9-$E$8)*( $E$11-$E$10)) + (U13)*(B2-$E$8)*($E$11-B3)/(( $E$9-$E$8)*( $E$11-$E$10)) + (T14)*($E$9-B2)*(B3-$E$10)/(( $E$9-$E$8)*( $E$11-$E$10)) + (U14)*(B2-$E$8)*(B3-$E$10)/(( $E$9-$E$8)*( $E$11-$E$10)) | H23: =(V13)*($E$9-B2)*($E$11-B3)/(( $E$9-$E$8)*( $E$11-$E$10)) + (W13)*(B2-$E$8)*($E$11-B3)/(( $E$9-$E$8)*( $E$11-$E$10)) + (V14)*($E$9-B2)*(B3-$E$10)/(( $E$9-$E$8)*( $E$11-$E$10)) + (W14)*(B2-$E$8)*(B3-$E$10)/(( $E$9-$E$8)*( $E$11-$E$10))

Sheet Calculator_XGB
A1: Inputs | D1: Helpers
A2: Fe | B2: 47.2936 | D2: c2 | E2: =MATCH(B2,XGB_R50_mean!B1:AF1,1)
A3: FeO | B3: 16.905 | D3: c1 | E3: =MAX(1,E2)
A4: Recovery | B4: 0.71549743 | D4: c3 | E4: =MIN(E2+1,COLUMNS(XGB_R50_mean!B1:AF1))
D5: r2 | E5: =MATCH(B3,XGB_R50_mean!A2:A32,1)
A6: Outputs | D6: r1 | E6: =MAX(1,E5)
A7: Predicted Ton/h (P10) | B7: =IF(B4<=0.71549743, F17 + (G17-F17)*(B4-0.58743728)/(0.71549743-0.58743728), G17 + (H17-G17)*(B4-0.71549743)/(0.81934153-0.71549743)) | D7: r3 | E7: =MIN(E5+1,ROWS(XGB_R50_mean!A2:A32))
A8: Predicted Ton/h (P50) | B8: =IF(B4<=0.71549743, F20 + (G20-F20)*(B4-0.58743728)/(0.71549743-0.58743728), G20 + (H20-G20)*(B4-0.71549743)/(0.81934153-0.71549743)) | D8: x0 | E8: =INDEX(XGB_R50_mean!B1:AF1,E3)
A9: Predicted Ton/h (P90) | B9: =IF(B4<=0.71549743, F23 + (G23-F23)*(B4-0.58743728)/(0.71549743-0.58743728), G23 + (H23-G23)*(B4-0.71549743)/(0.81934153-0.71549743)) | D9: x1 | E9: =INDEX(XGB_R50_mean!B1:AF1,E4)
A10: Range Width (P90 - P10) | B10: =B9-B7 | D10: y0 | E10: =INDEX(XGB_R50_mean!A2:A32,E6)
A11: Inside Optimal Corridor? | D11: y1 | E11: =INDEX(XGB_R50_mean!A2:A32,E7)
A13: Recovery bounds | B13: 0.41898739 | C13: 0.95773381 | F13: =INDEX(XGB_R10_p10!B2:AF32,E6,E3) | G13: =INDEX(XGB_R10_p10!B2:AF32,E6,E4) | H13: =INDEX(XGB_R50_p10!B2:AF32,E6,E3) | I13: =INDEX(XGB_R50_p10!B2:AF32,E6,E4) | J13: =INDEX(XGB_R90_p10!B2:AF32,E6,E3) | K13: =INDEX(XGB_R90_p10!B2:AF32,E6,E4) | L13: =INDEX(XGB_R10_mean!B2:AF32,E6,E3) | M13: =INDEX(XGB_R10_mean!B2:AF32,E6,E4) | N13: =INDEX(XGB_R50_mean!B2:AF32,E6,E3) | O13: =INDEX(XGB_R50_mean!B2:AF32,E6,E4) | P13: =INDEX(XGB_R90_mean!B2:AF32,E6,E3) | Q13: =INDEX(XGB_R90_mean!B2:AF32,E6,E4) | R13: =INDEX(XGB_R10_p90!B2:AF32,E6,E3) | S13: =INDEX(XGB_R10_p90!B2:AF32,E6,E4) | T13: =INDEX(XGB_R50_p90!B2:AF32,E6,E3) | U13: =INDEX(XGB_R50_p90!B2:AF32,E6,E4) | V13: =INDEX(XGB_R90_p90!B2:AF32,E6,E3) | W13: =INDEX(XGB_R90_p90!B2:AF32,E6,E4)
F14: =INDEX(XGB_R10_p10!B2:AF32,E7,E3) | G14: =INDEX(XGB_R10_p10!B2:AF32,E7,E4) | H14: =INDEX(XGB_R50_p10!B2:AF32,E7,E3) | I14: =INDEX(XGB_R50_p10!B2:AF32,E7,E4) | J14: =INDEX(XGB_R90_p10!B2:AF32,E7,E3) | K14: =INDEX(XGB_R90_p10!B2:AF32,E7,E4) | L14: =INDEX(XGB_R10_mean!B2:AF32,E7,E3) | M14: =INDEX(XGB_R10_mean!B2:AF32,E7,E4) | N14: =INDEX(XGB_R50_mean!B2:AF32,E7,E3) | O14: =INDEX(XGB_R50_mean!B2:AF32,E7,E4) | P14: =INDEX(XGB_R90_mean!B2:AF32,E7,E3) | Q14: =INDEX(XGB_R90_mean!B2:AF32,E7,E4) | R14: =INDEX(XGB_R10_p90!B2:AF32,E7,E3) | S14: =INDEX(XGB_R10_p90!B2:AF32,E7,E4) | T14: =INDEX(XGB_R50_p90!B2:AF32,E7,E3) | U14: =INDEX(XGB_R50_p90!B2:AF32,E7,E4) | V14: =INDEX(XGB_R90_p90!B2:AF32,E7,E3) | W14: =INDEX(XGB_R90_p90!B2:AF32,E7,E4)
F16: P10_R10 | G16: P10_R50 | H16: P10_R90
F17: =(F13)*($E$9-B2)*($E$11-B3)/(( $E$9-$E$8)*( $E$11-$E$10)) + (G13)*(B2-$E$8)*($E$11-B3)/(( $E$9-$E$8)*( $E$11-$E$10)) + (F14)*($E$9-B2)*(B3-$E$10)/(( $E$9-$E$8)*( $E$11-$E$10)) + (G14)*(B2-$E$8)*(B3-$E$10)/(( $E$9-$E$8)*( $E$11-$E$10)) | G17: =(H13)*($E$9-B2)*($E$11-B3)/(( $E$9-$E$8)*( $E$11-$E$10)) + (I13)*(B2-$E$8)*($E$11-B3)/(( $E$9-$E$8)*( $E$11-$E$10)) + (H14)*($E$9-B2)*(B3-$E$10)/(( $E$9-$E$8)*( $E$11-$E$10)) + (I14)*(B2-$E$8)*(B3-$E$10)/(( $E$9-$E$8)*( $E$11-$E$10)) | H17: =(J13)*($E$9-B2)*($E$11-B3)/(( $E$9-$E$8)*( $E$11-$E$10)) + (K13)*(B2-$E$8)*($E$11-B3)/(( $E$9-$E$8)*( $E$11-$E$10)) + (J14)*($E$9-B2)*(B3-$E$10)/(( $E$9-$E$8)*( $E$11-$E$10)) + (K14)*(B2-$E$8)*(B3-$E$10)/(( $E$9-$E$8)*( $E$11-$E$10))
F19: P50_R10 | G19: P50_R50 | H19: P50_R90
F20: =(L13)*($E$9-B2)*($E$11-B3)/(( $E$9-$E$8)*( $E$11-$E$10)) + (M13)*(B2-$E$8)*($E$11-B3)/(( $E$9-$E$8)*( $E$11-$E$10)) + (L14)*($E$9-B2)*(B3-$E$10)/(( $E$9-$E$8)*( $E$11-$E$10)) + (M14)*(B2-$E$8)*(B3-$E$10)/(( $E$9-$E$8)*( $E$11-$E$10)) | G20: =(N13)*($E$9-B2)*($E$11-B3)/(( $E$9-$E$8)*( $E$11-$E$10)) + (O13)*(B2-$E$8)*($E$11-B3)/(( $E$9-$E$8)*( $E$11-$E$10)) + (N14)*($E$9-B2)*(B3-$E$10)/(( $E$9-$E$8)*( $E$11-$E$10)) + (O14)*(B2-$E$8)*(B3-$E$10)/(( $E$9-$E$8)*( $E$11-$E$10)) | H20: =(P13)*($E$9-B2)*($E$11-B3)/(( $E$9-$E$8)*( $E$11-$E$10)) + (Q13)*(B2-$E$8)*($E$11-B3)/(( $E$9-$E$8)*( $E$11-$E$10)) + (P14)*($E$9-B2)*(B3-$E$10)/(( $E$9-$E$8)*( $E$11-$E$10)) + (Q14)*(B2-$E$8)*(B3-$E$10)/(( $E$9-$E$8)*( $E$11-$E$10))
F22: P90_R10 | G22: P90_R50 | H22: P90_R90
F23: =(R13)*($E$9-B2)*($E$11-B3)/(( $E$9-$E$8)*( $E$11-$E$10)) + (S13)*(B2-$E$8)*($E$11-B3)/(( $E$9-$E$8)*( $E$11-$E$10)) + (R14)*($E$9-B2)*(B3-$E$10)/(( $E$9-$E$8)*( $E$11-$E$10)) + (S14)*(B2-$E$8)*(B3-$E$10)/(( $E$9-$E$8)*( $E$11-$E$10)) | G23: =(T13)*($E$9-B2)*($E$11-B3)/(( $E$9-$E$8)*( $E$11-$E$10)) + (U13)*(B2-$E$8)*($E$11-B3)/(( $E$9-$E$8)*( $E$11-$E$10)) + (T14)*($E$9-B2)*(B3-$E$10)/(( $E$9-$E$8)*( $E$11-$E$10)) + (U14)*(B2-$E$8)*(B3-$E$10)/(( $E$9-$E$8)*( $E$11-$E$10)) | H23: =(V13)*($E$9-B2)*($E$11-B3)/(( $E$9-$E$8)*( $E$11-$E$10)) + (W13)*(B2-$E$8)*($E$11-B3)/(( $E$9-$E$8)*( $E$11-$E$10)) + (V14)*($E$9-B2)*(B3-$E$10)/(( $E$9-$E$8)*( $E$11-$E$10)) + (W14)*(B2-$E$8)*(B3-$E$10)/(( $E$9-$E$8)*( $E$11-$E$10))

Sheet Summary
A1: Metric | B1: RF | C1: XGB | D1: DT | E1: STACK
A2: CV R² (mean) | B2: 0.4813501 | C2: 0.46647989 | D2: 0.38407546
A3: Test R² | B3: 0.48135818 | C3: 0.44663477 | D3: 0.4184698 | E3: 0.48298989
A4: Test MAE | B4: 6.6709473 | C4: 6.9779015 | D4: 7.1384108 | E4: 6.650247
A5: Test RMSE | B5: 8.4472073 | C5: 8.7254 | D5: 8.9446947 | E5: 8.4339089

Sheet UNDERFITTING_CHECK
A1: Model | B1: Dominance Ratio (max imp / sum others)
A2: RF | B2: 0.22203979
A3: XGB | B3: 0.4661842
A4: DT | B4: 1.7188279
A6: Feature | B6: RF Importance | C6: XGB Importance | D6: DT Importance
A7: Fe | B7: 0.033279303 | C7: 0.054649338 | D7: 0
A8: FeO | B8: 0.1809784 | C8: 0.31795743 | D8: 0.04981409
A9: Recovery | B9: 0.034841562 | C9: 0.061692379 | D9: 0.014179799
A10: Fe_to_FeO | B10: 0.11385217 | C10: 0.099828318 | D10: 0.0041972874
A11: FeO_to_Fe | B11: 0.10971112 | C11: 0.10421051 | D11: 0.023523719
A12: Fe_minus_FeO | B12: 0.036168742 | C12: 0.065524474 | D12: 0.051585651
A13: Fe_x_FeO | B13: 0.11924014 | C13: 0.1476599 | D13: 0.15387236
A14: Fe_x_Rec | B14: 0.039778722 | C14: 0.062593028 | D14: 0.017942187
A15: FeO_x_Rec | B15: 0.081659656 | C15: 0.085884593 | D15: 0.029618716
A16: Fe2 | B16: 0.035912775 | C16: 0 | D16: 0
A17: FeO2 | B17: 0.18169604 | C17: 0 | D17: 0.63219445
A18: Rec2 | B18: 0.032881372 | C18: 0 | D18: 0.023071733

Sheet LEARNING_CURVES
A1: Learning Curves (R², 5-fold CV)

Sheet EDA_VIF_NORM
A1: Correlation Heatmap (Fe, FeO, Recovery, Ton/h)
M2: Feature | N2: VIF
M3: Fe | N3: 1000000000
M4: FeO | N4: 1000000000
M5: Fe_minus_FeO | N5: 1000000000
M6: Fe2 | N6: 59964.59
M7: Fe_x_FeO | N7: 48140.822
M8: FeO_to_Fe | N8: 42759.903
M9: Fe_x_Rec | N9: 29339.38
M10: FeO2 | N10: 24578.828
M11: Recovery | N11: 18829.934
M12: Fe_to_FeO | N12: 15023.121
M13: FeO_x_Rec | N13: 3854.7955
M14: Rec2 | N14: 2885.3032
M20: Distributions (capped data)

Sheet NORMALIZATION_INFO
A1: StandardScaler (fit on TRAIN only)
A2: Feature | B2: Mean_ | C2: Std_
A3: Fe | B3: 47.971878 | C3: 3.4990644
A4: FeO | B4: 17.111783 | C4: 2.800498
A5: Recovery | B5: 0.70905863 | C5: 0.095805047
A6: Fe_to_FeO | B6: 2.8689493 | C6: 0.45265781
A7: FeO_to_Fe | B7: 0.35634897 | C7: 0.050120319
A8: Fe_minus_FeO | B8: 30.860095 | C8: 3.094196
A9: Fe_x_FeO | B9: 826.14047 | C9: 176.02809
A10: Fe_x_Rec | B10: 34.177942 | C10: 6.1319207
A11: FeO_x_Rec | B11: 12.231932 | C11: 2.8783907
A12: Fe2 | B12: 2313.5445 | C12: 336.54563
A13: FeO2 | B13: 300.65591 | C13: 95.345071
A14: Rec2 | B14: 0.51194275 | C14: 0.13266948

Sheet DT_TREE
A1: Decision Tree (pruned)
